label_file,source_split
od_VID_20231011_143828_mp4-22_jpg.rf.8f47d5c3b8a19a0f5ce09aff445007fb.txt,train
od_VID_20231011_135619_mp4-40_jpg.rf.84fe0beb22107afe3875cca1f8c8a9ad.txt,train
od_VID_20231011_140608_mp4-24_jpg.rf.97ed72581cece6f4192686c2851d138c.txt,valid
od_VID_20231010_140102_mp4-1_jpg.rf.824f2528694f64aee86848f3cd1b84b8.txt,train
od_VID_20231011_140516_mp4-4_jpg.rf.bbdbdab395b25c57f3b3810b3808fbde.txt,train
od_VID_20231011_135944_mp4-50_jpg.rf.c2d16595e1d4f675cf6c13e5d04b5b1f.txt,train
od_VID_20231011_135819_mp4-36_jpg.rf.27a94fe50906f968814b29c72674a04c.txt,train
od_VID_20231011_140902_mp4-16_jpg.rf.e4c7b4c47fafaf0e8a1a6a819400ebb4.txt,train
od_VID_20231011_135619_mp4-27_jpg.rf.294befaa530bdbe0b3508bb45ec5eadf.txt,train
od_VID_20231011_135819_mp4-0_jpg.rf.e4372d6d5111429fd5a92a2e8e3e8e7a.txt,train
od_VID_20230607_144001_mp4-3_jpg.rf.2a8c8c7da0daf813cad118db9fb91c4a.txt,train
od_VID_20231012_184336_mp4-31_jpg.rf.bf4f4272c38f90f70c627719a844c12d.txt,train
od_VID_20231011_135525_mp4-28_jpg.rf.dc04bb454778c98bb34dd0ab64e9a0f4.txt,train
od_VID_20231012_182803_mp4-49_jpg.rf.1bde765f97c17db7e8f6e853b6e71b8c.txt,train
od_VID_20231010_140102_mp4-144_jpg.rf.23e5de22fa76b3f0d5b20a0805266890.txt,train
od_VID_20231011_140608_mp4-27_jpg.rf.ce4b7237e3e4d4c255d55023794e4b28.txt,train
od_VID_20230628_174117_mp4-5_jpg.rf.a31a0f90441bd164035547556f93f9d8.txt,train
od_VID_20231012_184918_mp4-8_jpg.rf.b53c7d15047f14b0e563b2615789c897.txt,train
od_VID_20231011_142737_mp4-12_jpg.rf.ef134ea45f6551a679d6dd0bf5a17220.txt,train
od_VID_20231011_135944_mp4-3_jpg.rf.24a42e82a39dd34d82cc58bae8d761ce.txt,train
od_VID_20230610_181627_mp4-9_jpg.rf.db52370c035701a40b9f82f89288d4a1.txt,train
od_VID_20231011_135619_mp4-37_jpg.rf.61fad61d5907328641ddd3ffebccc043.txt,train
od_VID_20230607_144001_mp4-4_jpg.rf.c829b765eea3ea618a98511881687871.txt,train
od_VID_20231011_135944_mp4-16_jpg.rf.005eec39f56d65b3397fcad3924b1e81.txt,train
od_VID_20231011_143923_mp4-19_jpg.rf.feeeb6c2d7f2cccdd435dfdb129415a7.txt,train
od_VID_20231011_135525_mp4-4_jpg.rf.028dd33d3fcfe9bbc80554b34eb5a852.txt,train
od_VID_20231011_135525_mp4-31_jpg.rf.d7b4664f62f2ef36380620b6d9e7c99d.txt,train
od_VID_20231011_135619_mp4-3_jpg.rf.5dfd90d5e014ca4eb09e2c153bf6477a.txt,train
od_VID_20231011_140935_mp4-6_jpg.rf.70744ba0cdac5c23269fbaa00f67411d.txt,train
od_VID_20231011_143213_mp4-26_jpg.rf.67347bcfe887b66a13c0ceeb1177fab1.txt,train
od_VID_20231011_135525_mp4-30_jpg.rf.dd6a7d3da787476483f0ea37d44aaec9.txt,train
od_VID_20230628_174117_mp4-1_jpg.rf.626a82aed6d2b1abb63688e78748b45c.txt,train
od_VID_20230610_181627_mp4-27_jpg.rf.f2693dc1ffc92a8ac9b8791e515f1c9b.txt,train
od_VID_20230610_181728_mp4-0_jpg.rf.f13ecf65452618df34946ebdde88f9ec.txt,train
od_VID_20231011_135619_mp4-9_jpg.rf.6c41fb5ee48dfa845e466b7b4924db31.txt,train
od_VID_20231012_182919_mp4-8_jpg.rf.15bb1ecdee954fd1fd37277d3634d978.txt,train
od_VID_20231010_140102_mp4-130_jpg.rf.9971a4d566ff70a2a841ba2cd7f0c7e2.txt,train
od_VID_20231011_143923_mp4-20_jpg.rf.f14f2f79c90c814a8c2e3d1e90854a4d.txt,train
od_VID_20231011_135619_mp4-20_jpg.rf.4e78ec48b3cf3a881c2dcf40d95dc364.txt,train
od_VID_20231011_135525_mp4-15_jpg.rf.ca9aaa694a5601673f2052ba21add9be.txt,train
od_VID_20230607_144001_mp4-10_jpg.rf.676667710b734ac0e86306bf9cc3de13.txt,train
od_VID_20231011_135819_mp4-39_jpg.rf.ea11b4c070caf719a18ca4ff5b05ec9e.txt,train
od_VID_20231011_140807_mp4-19_jpg.rf.71f76a660abaee52616d8513c7504bf6.txt,train
od_VID_20230610_181627_mp4-17_jpg.rf.0e7ea30916e140412a75b50ea55651c9.txt,train
od_VID_20231011_143828_mp4-5_jpg.rf.f9d3b873d8731e14e3274643b9f88cfe.txt,train
od_VID_20231011_135944_mp4-2_jpg.rf.ecfeae9ae5ea8082b367c8dc50d897fe.txt,train
od_VID_20231012_182919_mp4-10_jpg.rf.9b24c9618e92adcabb9a23d605fc02d7.txt,valid
od_VID_20230610_181728_mp4-2_jpg.rf.b5a8c0e95ca0e155228b4bf15d6ec63e.txt,train
od_VID_20231012_183030_mp4-31_jpg.rf.b7a7ad99abaaba2fbbc7b0e7eb0c7ba4.txt,train
od_VID_20231012_184918_mp4-7_jpg.rf.214e4afd0118d020c36dbb558e647ffb.txt,train
od_VID_20231010_140102_mp4-73_jpg.rf.15c98732603b270e6b5bd692148390ca.txt,train
od_VID_20231011_135619_mp4-25_jpg.rf.959ca8e46c9def3c22c738b013f7a3ae.txt,train
od_VID_20231010_140102_mp4-48_jpg.rf.bf227655b20979d2e574cd8e434b5062.txt,train
od_VID_20231012_184336_mp4-35_jpg.rf.005b38fbd4aa4ad8d732fe1c8cc4d729.txt,train
od_VID_20230610_185607_mp4-13_jpg.rf.5ef4a51d22f9a69534579b19f2e65611.txt,train
od_VID_20231010_140102_mp4-104_jpg.rf.2e057f51cacbd236a90b2725c2511451.txt,train
od_VID_20231011_135525_mp4-9_jpg.rf.d5930255046804804fc2e4ca64343867.txt,valid
od_VID_20231010_140102_mp4-79_jpg.rf.ada99cb46378ac61898cdc317033c008.txt,train
od_VID_20231011_143828_mp4-29_jpg.rf.365e9895131f62f5fbd2c1a0c792268e.txt,train
od_VID_20231011_135944_mp4-49_jpg.rf.aac26c66e9dc75d58b132a97b922e09e.txt,train
od_VID_20231010_140102_mp4-125_jpg.rf.78784c19b1b6177c848a0f15022f40ef.txt,train
ur_vlcsnap-2025-02-20-10h53m02s051_png.rf.33766b69e91d8aa36c293f5f225446e2.txt,valid
od_VID_20231011_135819_mp4-49_jpg.rf.505202a9f10b02069bec79c3205a3591.txt,train
od_VID_20231011_141335_mp4-0_jpg.rf.addfb01939076c6b0da406562b5a6aa8.txt,train
od_VID_20231010_140102_mp4-154_jpg.rf.adedff21ecd671965b06eb3ebf296352.txt,train
od_VID_20231011_140902_mp4-1_jpg.rf.99b6655e7e41f261b3785c9ba5af34f8.txt,train
od_VID_20231011_141335_mp4-3_jpg.rf.cf497f8f9c9fb0a4a9c093b10ad96f95.txt,train
od_VID_20231011_140902_mp4-9_jpg.rf.7eee8b3a28edfc85c5702fc28d098a68.txt,train
od_VID_20231011_140935_mp4-2_jpg.rf.5b73a4662629507476ea9a537356e796.txt,train
od_VID_20230610_185607_mp4-21_jpg.rf.ae26d50941dd4ebf812c8b599bccb185.txt,train
od_VID_20231012_183030_mp4-43_jpg.rf.5217118802981f5cd7e76b707a1a3610.txt,train
od_VID_20231010_140102_mp4-15_jpg.rf.cc97359c28316404ac95c4d40313ba94.txt,train
od_VID_20231011_140608_mp4-25_jpg.rf.22ffab805389f324e64f8d992f01714e.txt,train
od_VID_20231011_135525_mp4-29_jpg.rf.84a9ad64c64154c146fb6a29df33002a.txt,train
od_VID_20231011_142126_mp4-0_jpg.rf.fb8b6d315495f29ed2be7efab37e9ced.txt,train
od_VID_20231010_140102_mp4-102_jpg.rf.ac7597d5f026df13878d1640ab9c9d99.txt,train
od_VID_20231010_140102_mp4-40_jpg.rf.18ed94e88bd770b50786d794118e806e.txt,train
od_VID_20231010_140102_mp4-23_jpg.rf.a4bbe2def9212b3617a6931e7b4c24fc.txt,train
od_VID_20231010_140102_mp4-142_jpg.rf.89d318679f05d74fc9d8f3c1d8d2db74.txt,train
od_VID_20231011_140537_mp4-10_jpg.rf.1d5437e14a7b033a481171934fdd93da.txt,train
od_VID_20231011_143923_mp4-33_jpg.rf.f9e358357b6be6b5849c2467ee0b9ac7.txt,train
od_VID_20231011_140902_mp4-7_jpg.rf.296249d3fec6f35f68a435a8bcb39b46.txt,train
od_VID_20231011_144227_mp4-11_jpg.rf.91360b3f7335ba665ac2a86edf7c92d7.txt,train
od_VID_20231011_135525_mp4-19_jpg.rf.bdedad766cacdce3446cff86c5696274.txt,train
od_VID_20231011_140118_mp4-6_jpg.rf.b54d418c13ffcd453f2d5f12dfe9ffb7.txt,valid
od_VID_20231011_135944_mp4-31_jpg.rf.ea56008063d752430697d0b797cc2fa8.txt,train
od_VID_20231011_143828_mp4-26_jpg.rf.901b6c0ff9e9c2c38722b4eacfbfb479.txt,train
od_VID_20231011_143923_mp4-20_jpg.rf.4543b30cd410f280144e74fcbbe42414.txt,train
od_VID_20231011_143923_mp4-18_jpg.rf.87e9fbfea24f6cd36940d23b574fae37.txt,train
od_VID_20231011_140807_mp4-17_jpg.rf.fea78cb604c3242b28faae11ff7f9e87.txt,train
od_VID_20231011_135944_mp4-29_jpg.rf.9c7e9a2af2c77ff9cbf2ddd6a979dfa9.txt,train
od_VID_20231011_135819_mp4-4_jpg.rf.343a166ed9544e90ca2e753e0f24b1bd.txt,train
od_VID_20231011_135525_mp4-5_jpg.rf.0af7b341391e9fa400d69fa9c057a4c9.txt,train
od_VID_20230525_182446_mp4-5_jpg.rf.4554289ae83ef731a5a667f599f01bcc.txt,train
od_VID_20231011_135944_mp4-29_jpg.rf.8f3245da9fc483678008b4c21a69c377.txt,train
od_VID_20231011_143828_mp4-2_jpg.rf.8cfa5db7fee3013d908f07f92a5743a9.txt,train
od_VID_20231011_140456_mp4-14_jpg.rf.908738e3657757f04f8e7a6982fcb535.txt,train
od_VID_20231011_135944_mp4-53_jpg.rf.6dadb79c34472066203b3ddc97dc7744.txt,train
od_VID_20231012_184918_mp4-15_jpg.rf.db212df957cb2e735ff9c55a6e58c296.txt,train
od_VID_20231011_143828_mp4-43_jpg.rf.f3bcf29df8768677be8eee7ae9ca7e7e.txt,train
od_VID_20230610_181713_mp4-2_jpg.rf.4dd502b764574de0d9358b9024b4050f.txt,train
od_VID_20231010_140102_mp4-56_jpg.rf.ce40c5b9b41c07c319fbade40523ca37.txt,train
od_VID_20230610_181728_mp4-6_jpg.rf.93cdce2f321b5c5eb2986145ac0e0945.txt,train
od_VID_20231012_182803_mp4-17_jpg.rf.b8631466e88c49c68a6ef20ca2478e8c.txt,train
od_VID_20231010_140102_mp4-30_jpg.rf.c45dbc95fed8dc1b3a2d65e67ad7a98d.txt,train
od_VID_20231010_140102_mp4-89_jpg.rf.5c1c5d43f32332a02b110749e0530332.txt,train
od_VID_20230610_185607_mp4-0_jpg.rf.aa2986b4dc9d57e26faf33fc3f15b3e6.txt,train
od_VID_20231011_143828_mp4-21_jpg.rf.b4c6f18f1a6aac168683b0a2fb9fde02.txt,train
od_VID_20231011_140537_mp4-4_jpg.rf.4ac5935402e393bc9f996c594354a71e.txt,train
od_VID_20231011_135819_mp4-3_jpg.rf.6aee657503b1f8cbe40d8a20b56bf495.txt,valid
od_VID_20231011_140608_mp4-2_jpg.rf.e858778f49276a27c58e3649e196ce9c.txt,train
od_VID_20230610_185607_mp4-5_jpg.rf.2bebb1d629511283d0cb830639eddbe3.txt,train
od_VID_20231011_143828_mp4-20_jpg.rf.e36dfd0e6595ec2964a4fd017ba7dd8e.txt,train
od_VID_20231012_182919_mp4-9_jpg.rf.a4e5e6e198288a47a0dfb9985859fcb9.txt,train
od_VID_20231011_135944_mp4-28_jpg.rf.d439945c2578f3a75b1c4e70d0863f21.txt,valid
od_VID_20231011_135619_mp4-50_jpg.rf.811ee035be22ad122e290b77454b0898.txt,train
od_VID_20231010_140102_mp4-122_jpg.rf.883de061f6a6459a030fafb8a44d1eab.txt,valid
od_VID_20231011_140608_mp4-14_jpg.rf.bd975be359be8c36ae91a7d02a144912.txt,train
od_VID_20231011_140608_mp4-11_jpg.rf.4deddfdc97f617ea4421e93d73c064e9.txt,train
od_VID_20231011_140456_mp4-1_jpg.rf.8e13369c515a696026db532e16c09733.txt,train
od_VID_20231012_184918_mp4-6_jpg.rf.00ce6eebab325389540f2d5d305718b1.txt,train
od_VID_20231010_140102_mp4-88_jpg.rf.0beede6d565b69d9ec287e3808c151da.txt,train
od_VID_20231010_140102_mp4-0_jpg.rf.0df7e243dc4e6a88219586372a213da4.txt,train
od_VID_20231011_135944_mp4-6_jpg.rf.5f600592c746e6a514bc1947693ca791.txt,train
od_VID_20231011_135819_mp4-35_jpg.rf.a5ecde12231411af248305aea676cb25.txt,train
od_VID_20231011_140516_mp4-4_jpg.rf.8c325d4afea9838f97f3020d165177f9.txt,train
od_VID_20230610_181627_mp4-7_jpg.rf.2f5003b8994b2cb848b29fe970117971.txt,train
od_VID_20231011_135944_mp4-12_jpg.rf.90deb3568a71208886912757f58f39c1.txt,train
od_VID_20231011_135619_mp4-26_jpg.rf.cf145188b04a8783a4e8fe57a75c0640.txt,train
od_VID_20231010_140102_mp4-133_jpg.rf.469134f57b114367a2e37dd27a8342c7.txt,train
od_VID_20231011_135525_mp4-38_jpg.rf.cc472a8c93c906241a0dd6235542ba2a.txt,train
od_VID_20231011_140608_mp4-30_jpg.rf.976b37970961e6e6a59bd91f8274a54a.txt,train
od_VID_20231010_140102_mp4-42_jpg.rf.1ddcea0073256c5599fc2bd27c41bf2d.txt,valid
od_VID_20231011_140706_mp4-0_jpg.rf.872039dc73ad84163c522c672cdd8a1f.txt,train
od_VID_20231010_140102_mp4-7_jpg.rf.50b8158cc60bf8e8a1367d106bd7db58.txt,train
od_VID_20231010_140102_mp4-75_jpg.rf.6d12d4515c0096fb551f1ecb30166cb0.txt,train
od_VID_20230607_144001_mp4-12_jpg.rf.8c7a3b6d90c2bc2ebc2640d18d7e080f.txt,train
ur_vlcsnap-2025-02-20-10h52m44s601_png.rf.f4414c26eb1a341bd8ebbcc3a89f71aa.txt,train
od_VID_20231012_184918_mp4-8_jpg.rf.84c44188fd6fbd07381b3d56448abb73.txt,train
od_VID_20231012_182919_mp4-7_jpg.rf.5e80a0f62318148304e3ebbf675e74e1.txt,train
od_VID_20231010_140102_mp4-78_jpg.rf.22a2909d988c42e963d67bfd8bcfaaeb.txt,valid
od_VID_20231011_135525_mp4-17_jpg.rf.1e5e2ac22ca756c7d351b57667398fcb.txt,train
od_VID_20231011_140608_mp4-20_jpg.rf.88efc43525ae38c3f6579ae3559742e9.txt,train
od_VID_20230628_174129_mp4-2_jpg.rf.4ab35b0b507adfa385db533ca8443457.txt,valid
od_VID_20231010_140102_mp4-74_jpg.rf.a990638140cc5bd21aa70561fe818866.txt,train
od_VID_20231012_183030_mp4-46_jpg.rf.f84e43e35f0e2c991e4e12c2141dd9c2.txt,train
od_VID_20231011_135619_mp4-0_jpg.rf.07ae7219b6161ccf8982ebbec27ced79.txt,valid
od_VID_20231011_143828_mp4-16_jpg.rf.c9d930813db95af62b6a5cdd0b546ccd.txt,train
od_VID_20231010_140102_mp4-128_jpg.rf.a89bce99419ac59e1e2003205f67748b.txt,train
od_VID_20230610_185607_mp4-1_jpg.rf.e400436d4fe3196d9a363ad7eb6c9730.txt,train
od_VID_20231011_135944_mp4-41_jpg.rf.461a2ed91527ddd130f07ac5948fabb6.txt,train
od_VID_20231010_140102_mp4-118_jpg.rf.209fb3a0ea1cc9efc2e08eba477735d4.txt,train
od_VID_20231011_135619_mp4-7_jpg.rf.b63a635c2f4dd39230ead04511391402.txt,train
od_VID_20231012_184918_mp4-9_jpg.rf.6806bea55c5e284b779908b7a310ce7a.txt,train
od_VID_20230610_181728_mp4-12_jpg.rf.ee54fdb28dfcdb37a5dd1a59185045bd.txt,train
od_VID_20231010_140102_mp4-109_jpg.rf.6120f0dc55546941afa86786ab94ecff.txt,train
od_VID_20231011_143828_mp4-26_jpg.rf.7c8480d52fe02b06413349545176ddfe.txt,train
od_VID_20230525_182437_mp4-11_jpg.rf.c806eabe15a351359461ef35b06851f7.txt,train
od_VID_20231010_140102_mp4-119_jpg.rf.8449aa06c646b524fa5c0a7097340187.txt,train
od_VID_20230525_182446_mp4-19_jpg.rf.60c4c743734af8583dfb99076ef6de8a.txt,train
od_VID_20231011_140807_mp4-18_jpg.rf.9ffd26baf0ecbc33c3dae1a3ac42125e.txt,train
od_VID_20231011_143828_mp4-28_jpg.rf.1f4a7950a85ff2bad355a2d96eb9410e.txt,train
od_VID_20231010_140102_mp4-161_jpg.rf.c3f8bbbe5a0eafcfac774919fa3f2099.txt,train
od_VID_20231011_143923_mp4-15_jpg.rf.dc14cf1dfd35b56b19f76f205803a37a.txt,train
od_VID_20231011_140118_mp4-3_jpg.rf.939ec8f74d14a1f44442457413416f47.txt,train
od_VID_20231011_143443_mp4-65_jpg.rf.e46ae5418c51ae6397068d52cb667d31.txt,train
od_VID_20231011_143828_mp4-22_jpg.rf.fa89212fa108cdb9a9e7122a2be503fe.txt,train
od_VID_20230610_185607_mp4-12_jpg.rf.4d2e36c581b4dcbc35cdaff13311fba8.txt,train
od_VID_20231011_140608_mp4-26_jpg.rf.be283de06c9f769c3ea25d8bc0390eb9.txt,train
od_VID_20231011_140516_mp4-10_jpg.rf.1be36636bb0fbac96b359830f33002d7.txt,train
od_VID_20231010_140102_mp4-123_jpg.rf.7a39863c1cc43c999b2f58c4b7e33a58.txt,train
od_VID_20230628_174117_mp4-0_jpg.rf.b029cad0cf976316c334ff97a9e96f47.txt,valid
od_VID_20231011_143923_mp4-19_jpg.rf.0a6888075d8cbcdb07c25b4d07b3fd0c.txt,train
od_VID_20231011_135525_mp4-0_jpg.rf.8c107aa03a690a02d02f81ad1a16c2ab.txt,train
od_VID_20231011_135819_mp4-33_jpg.rf.deb6a830d3a88a83e3c04fa60e3019e1.txt,train
od_VID_20231011_143828_mp4-29_jpg.rf.d1c9bde39e4c925fe1c2320a3fb2bd57.txt,train
od_VID_20231011_142025_mp4-1_jpg.rf.0d22187031071efd4c16799536af0c16.txt,train
od_VID_20231011_135619_mp4-8_jpg.rf.4a58b70727be3e7b23977563ae23b88d.txt,train
od_VID_20231010_140102_mp4-112_jpg.rf.fd2471ed6f642554fd434cbe3a9d2bb3.txt,train
od_VID_20231011_135525_mp4-22_jpg.rf.6245b7facd4483024afd79db570f85bb.txt,train
od_VID_20230525_182446_mp4-17_jpg.rf.99195fd9de151fe2b191e356f904e41c.txt,train
od_VID_20231012_183030_mp4-28_jpg.rf.76d896dd585ce4f44485e28aca3f6d20.txt,train
od_VID_20231011_140935_mp4-7_jpg.rf.7a55447f5c3e20963826469cb4ca4f7b.txt,valid
od_VID_20231011_143828_mp4-34_jpg.rf.8e4d46b572a7e17ba2e28cfc28165311.txt,train
od_VID_20231011_143923_mp4-21_jpg.rf.294b03332df55dd29c2f34f3951e6e8b.txt,train
od_VID_20231010_140102_mp4-45_jpg.rf.b2647f83d00ddf70a23f59f439d9c4dc.txt,train
od_VID_20230630_174418_mp4-1_jpg.rf.0aa87286a4c974624ce0fa384f99abb3.txt,train
od_VID_20231011_135525_mp4-42_jpg.rf.bf677823d1829743d8093f5365d5c609.txt,valid
od_VID_20231010_140102_mp4-41_jpg.rf.2913634d867498426e9730d3c51f81e0.txt,train
od_VID_20231011_142126_mp4-1_jpg.rf.d536239fcebccebb0ba916c02a2dd168.txt,train
od_VID_20231010_140102_mp4-113_jpg.rf.1094ef2d13776285e224830e0f347fb8.txt,train
od_VID_20230610_181627_mp4-25_jpg.rf.4fd285a8fa1a3f15505b13d95d3d8e4e.txt,train
od_VID_20230610_185607_mp4-12_jpg.rf.2afd01462f57c18e19831995409c381a.txt,train
od_VID_20231010_140102_mp4-107_jpg.rf.16a5f696aee8f20db316178abcb1d74f.txt,train
od_VID_20231012_183030_mp4-33_jpg.rf.c70c82edf1c21c5d58aa11ea87b7ce73.txt,train
od_VID_20231011_140706_mp4-9_jpg.rf.e448e212e58c6ed8038fca285bf4ae0d.txt,train
od_VID_20231010_140102_mp4-22_jpg.rf.cee34f1895a375d6098820e3586c22fa.txt,train
od_VID_20231011_135944_mp4-54_jpg.rf.392ab4d7c0bf2746a2d47c4de4fe8f11.txt,train
od_VID_20231011_135525_mp4-25_jpg.rf.d6bf3cca9d607f5abef8922eaa1f9dcb.txt,train
od_VID_20230628_174108_mp4-1_jpg.rf.ba2adff04b2789ad38f5db43ea36a123.txt,train
od_VID_20231012_183030_mp4-49_jpg.rf.d701adc43978ae3893e963f304ac5b44.txt,train
od_VID_20231011_143923_mp4-30_jpg.rf.b5cea562a71abd154b05ef89768b1fd2.txt,train
od_VID_20231011_140807_mp4-34_jpg.rf.e0fd6241544ccde7faede40c0cdbb068.txt,train
od_VID_20231011_144344_mp4-2_jpg.rf.e9a5ae3f8a57f2fcdc11f56f24c22c73.txt,train
od_VID_20231011_135819_mp4-29_jpg.rf.fdae2eaa28b5b16e551588e076c198aa.txt,train
od_VID_20230525_182446_mp4-18_jpg.rf.be80b21d5bc07a63bc0de1da7c3bedd1.txt,train
od_VID_20231010_140102_mp4-149_jpg.rf.9b34e8668472ec078cacebad6819b1b8.txt,train
od_VID_20231010_140102_mp4-119_jpg.rf.1938858eddd09c23b698a1700f3a750f.txt,train
od_VID_20231011_142737_mp4-5_jpg.rf.c098d4a6c0d247c33e5f827260dab1db.txt,train
od_VID_20231010_140102_mp4-99_jpg.rf.be1101a785924328db7b43ce1f6a4465.txt,train
od_VID_20231011_135819_mp4-19_jpg.rf.3708d6425e81732b3e98c2406681ea93.txt,train
od_VID_20231011_135619_mp4-13_jpg.rf.72fc495036902e3a951dab8cd3978bc3.txt,train
od_VID_20231011_135944_mp4-43_jpg.rf.26d0f4082101342767b343e38842a9c8.txt,train
od_VID_20231011_135619_mp4-24_jpg.rf.017f6746a48eb0830900166275697460.txt,train
od_VID_20230610_185607_mp4-11_jpg.rf.ce2e48e99d78a503cd373abfb78e5569.txt,train
od_VID_20231010_140102_mp4-70_jpg.rf.6846fddcb108c03533b90fd037399fe1.txt,train
od_VID_20231010_140102_mp4-32_jpg.rf.6f7472dc9f465b7bf70c9dbcf6a6290a.txt,train
od_VID_20230525_182437_mp4-10_jpg.rf.fb6b0f846053abec4d7c93ed47744bf6.txt,train
od_VID_20231011_140608_mp4-9_jpg.rf.f955e61c978e2ee0468c26923eb50852.txt,train
od_VID_20231011_135944_mp4-4_jpg.rf.64d37eb8bb7ef2e3564f34909dea4332.txt,train
od_VID_20231011_135944_mp4-26_jpg.rf.2878482cabdddd9d0d844f5a638f941a.txt,train
od_VID_20231010_140102_mp4-29_jpg.rf.eaa6a7038c9b60aba20d2fe3e12d72d9.txt,train
od_VID_20231012_182919_mp4-12_jpg.rf.245c849b9b87f0acd90bec95a2d5f380.txt,train
od_VID_20230610_181627_mp4-0_jpg.rf.1ae5057d02d69d2b94f6fb8da7a665a5.txt,train
od_VID_20231011_143828_mp4-36_jpg.rf.a3059152d83c3ef5f69d9f44a47d0f47.txt,train
od_VID_20231012_182919_mp4-14_jpg.rf.7f625726a651e05ea59aff10d1640b73.txt,train
od_VID_20231011_140608_mp4-4_jpg.rf.cc36b60a82454f79d9ea5a5610ce1ec7.txt,train
od_VID_20231011_140118_mp4-0_jpg.rf.d0bd59c4f18f2a6b986b5971e5c0d3eb.txt,train
od_VID_20230525_182437_mp4-2_jpg.rf.3ae6a9fc290c4a45674019269b7bfffa.txt,train
od_VID_20231011_135525_mp4-6_jpg.rf.47bc4bbae5254df5124b1e1fd9df0815.txt,valid
od_VID_20231011_143828_mp4-12_jpg.rf.d2185632e6ac1f2b78a3d5fe66a3793d.txt,train
od_VID_20231010_140102_mp4-50_jpg.rf.6192a16a704e2c794adcf57209052f9f.txt,train
od_VID_20231011_143828_mp4-10_jpg.rf.2462b6fbb3541f002dbddcb8ae68aaab.txt,train
od_VID_20231011_140902_mp4-17_jpg.rf.816ac8126a70b2cc78e5ea569ba9632b.txt,train
od_VID_20231012_184918_mp4-6_jpg.rf.f8c4ebe0f3b79e6c5024edc8a6cf433c.txt,train
od_VID_20231011_135525_mp4-39_jpg.rf.1db8d5d6573dc6d6194a534a97540163.txt,train
od_VID_20231011_140902_mp4-11_jpg.rf.b4d4746363b00e82878d66be890fdc6c.txt,train
od_VID_20231011_140807_mp4-18_jpg.rf.0f6a8b4a4ed30d6f66bebf5bca858851.txt,train
od_VID_20231010_140102_mp4-100_jpg.rf.5fb2ce8d9c382f3f39a62274e03e2d02.txt,train
od_VID_20231011_142025_mp4-0_jpg.rf.933ddf5784fe7fa594e080d3192b5304.txt,train
od_VID_20231011_140608_mp4-15_jpg.rf.9f050765803d341dba1d46f8df9aa65d.txt,train
od_VID_20231011_143828_mp4-24_jpg.rf.88b6ac2b750624c6ec79205e4fb5c3bb.txt,train
od_VID_20231011_135724_mp4-0_jpg.rf.7caf0e9176679bd11c02e8ac57af7280.txt,valid
od_VID_20231011_135525_mp4-17_jpg.rf.cbe21c270c04f7b14017f774a120f55d.txt,train
od_VID_20230610_181713_mp4-10_jpg.rf.78ee15bb28608e9ed8d3e3755510aa96.txt,train
od_VID_20231010_140102_mp4-147_jpg.rf.72e0f03aad3e2426c7092de2bd5c0072.txt,train
od_VID_20231010_140102_mp4-141_jpg.rf.ffab40b8e2398989c2e886a0dcfa9689.txt,train
od_VID_20231011_135819_mp4-14_jpg.rf.02ff9e18838f002efa254c5ac1168f09.txt,valid
od_VID_20231010_140102_mp4-96_jpg.rf.e2059f344620a285aeaaf5b915cea848.txt,train
od_VID_20231011_141914_mp4-0_jpg.rf.60abe442af052c08adafe41c5346624a.txt,train
od_VID_20231011_135525_mp4-33_jpg.rf.11ac080048fa950f664a85769f20684e.txt,train
od_VID_20231010_140102_mp4-162_jpg.rf.53e149e383dd60ada299dd15b8438523.txt,train
od_VID_20231010_140102_mp4-160_jpg.rf.bbb99639ee24898130274eab01dd248a.txt,train
od_VID_20231010_140102_mp4-4_jpg.rf.e99bedef2faddf091d383ea7149b3937.txt,train
od_VID_20231011_135525_mp4-2_jpg.rf.11e102140441a6168cfaf64befe61ac5.txt,train
od_VID_20230610_181627_mp4-7_jpg.rf.3dfb564e23c57639a7509d67e5b4dea7.txt,train
od_VID_20231011_135525_mp4-31_jpg.rf.762a69420a7f1817a2ab71b262467484.txt,train
od_VID_20231012_182919_mp4-19_jpg.rf.a72e0652d94bcdf9212d08cb2619cd37.txt,train
od_VID_20231011_135525_mp4-11_jpg.rf.89cf0f858791b1ad851b4f9388a13a53.txt,train
od_VID_20231011_135525_mp4-37_jpg.rf.bf6977d34cdbec279206644052671686.txt,train
od_VID_20231012_182919_mp4-8_jpg.rf.8c4fc20f08653b95c5f03186b760b298.txt,train
od_VID_20231011_135525_mp4-12_jpg.rf.1e157ab6f7a58913f1fee7544156bff2.txt,train
od_VID_20231011_135525_mp4-8_jpg.rf.9b14edf202f568e90a160bddb5d78935.txt,train
od_VID_20231011_140456_mp4-2_jpg.rf.9b4c6584486bb7b9912a01a740d2765c.txt,train
od_VID_20231011_135619_mp4-12_jpg.rf.9da25e87fa92bf58ebca4d0bf7684e06.txt,train
od_VID_20231011_135525_mp4-41_jpg.rf.852d24d12e68dba69c4d9030304c187a.txt,train
od_VID_20231011_140935_mp4-10_jpg.rf.14336e3f0497125a0a59bbe884b45c19.txt,train
od_VID_20231011_135525_mp4-15_jpg.rf.144faef60dee15b8dc4b902878e9b427.txt,train
od_VID_20231011_143923_mp4-16_jpg.rf.f63a86bcc86fc4e44481d0389d7651c3.txt,train
od_VID_20231010_140102_mp4-45_jpg.rf.cb0d73d26e3f9df13a1d685ab735caf2.txt,train
od_VID_20231010_140102_mp4-33_jpg.rf.1419bb4712d5466b28de3bae024b5011.txt,train
od_VID_20231010_140102_mp4-51_jpg.rf.2ef3cb156fdfc612a7162d89609d60e2.txt,train
od_VID_20231011_135819_mp4-12_jpg.rf.d9b72fcf8c0b7e5ca62e67ab48dd5986.txt,valid
od_VID_20231010_140102_mp4-127_jpg.rf.d5536dcff24a3be37dee627a325b274a.txt,train
od_VID_20231011_135619_mp4-35_jpg.rf.818533068e97894e6f7fdbe3d2ecd578.txt,train
od_VID_20231012_182803_mp4-18_jpg.rf.256dea273d1c78f9d817f2d189144e6c.txt,train
od_VID_20231012_184918_mp4-10_jpg.rf.b644010852e4ae0806e1e38c877f98c9.txt,train
od_VID_20231011_135819_mp4-24_jpg.rf.7eb0b5f86646d7243a79861c83b2b9ef.txt,train
od_VID_20231011_140456_mp4-6_jpg.rf.c78fb7cfa53a8549de091aeb4d3b3fd2.txt,train
od_VID_20231010_140102_mp4-69_jpg.rf.28fea323f776172e42ca3f40a81ae1d5.txt,train
od_VID_20231011_140456_mp4-13_jpg.rf.9c990ff90816852f6f2b25f2883a1cae.txt,train
od_VID_20231011_141723_mp4-4_jpg.rf.e1dfc158a7e51601855d77972b23c77a.txt,train
od_VID_20231012_184336_mp4-34_jpg.rf.e4a37622a06827f1c6fec43d211780e1.txt,train
od_VID_20231011_135944_mp4-52_jpg.rf.c5f5c3fef53224a193661cb60212b1e6.txt,train
od_VID_20231011_135525_mp4-43_jpg.rf.c1bf6099333106361147c511f4cb45f7.txt,train
od_VID_20231011_135944_mp4-22_jpg.rf.8a6e8f6df5bd39e85cb97b8069a89f98.txt,train
od_VID_20231011_140456_mp4-9_jpg.rf.18f7735e51341fa719bd89bda46979fd.txt,valid
od_VID_20231011_135944_mp4-10_jpg.rf.8e25cb88fe0ba9fa7418b78f817aaab1.txt,train
od_VID_20231010_140102_mp4-162_jpg.rf.e60e189d854c71421aacb83eb4ce30d6.txt,train
od_VID_20231011_135944_mp4-33_jpg.rf.0a0b1208ea35b3d134bab16913136138.txt,train
od_VID_20231010_140102_mp4-50_jpg.rf.e98ae8c3bbbe2f0222e820cf652a7559.txt,train
od_VID_20231012_183030_mp4-30_jpg.rf.221b81d96ef6b76f9557ba932a38c0c2.txt,valid
od_VID_20231010_140102_mp4-24_jpg.rf.845a164817498cac9dece2f447119a00.txt,train
od_VID_20231010_140102_mp4-154_jpg.rf.2c2dcb2dd41a60358d89af07759c45bc.txt,train
od_VID_20231011_140608_mp4-22_jpg.rf.18cd8b8ea4c8b7e0f6ad36ca59d3a198.txt,train
od_VID_20231011_135944_mp4-24_jpg.rf.6046e323ed17cc13a42c54fc6e0c7d48.txt,train
od_VID_20231010_140102_mp4-83_jpg.rf.7ac64a62e2aa9a51e9876e0ee7460fc9.txt,train
od_VID_20231011_135525_mp4-13_jpg.rf.0d218a15090318c39592eadbe29dad93.txt,train
od_VID_20231011_135619_mp4-29_jpg.rf.6e47327571a3106d24156afcb7d486ec.txt,train
od_VID_20231011_135619_mp4-37_jpg.rf.b3523ae2a21487bff857967191798df1.txt,train
od_VID_20231011_135619_mp4-25_jpg.rf.c0953d7c444b3d0a597c8dec67d9dea1.txt,train
od_VID_20231010_140102_mp4-151_jpg.rf.af66e1f6d27c7d46f8db572043d941fd.txt,train
od_VID_20231011_140902_mp4-12_jpg.rf.35efae80a50c0047fd9fdf2cea699663.txt,train
od_VID_20231010_140102_mp4-35_jpg.rf.6e462efcfb46aad9bc00c1769be351d1.txt,train
od_VID_20231011_143116_mp4-0_jpg.rf.2a1eaa5372e75ccd8aab39b8c8cba874.txt,train
od_VID_20231010_140102_mp4-31_jpg.rf.15029104d168c736482a3b06be8fb0f8.txt,valid
od_VID_20231011_135944_mp4-5_jpg.rf.8cf763d861a4fd54d0a50273e629d657.txt,train
od_VID_20231011_135619_mp4-30_jpg.rf.8d98d087735317602fbe0e2975286e07.txt,train
od_VID_20231011_135944_mp4-40_jpg.rf.8486e7d88e0b40335e7e0c67e5f908e5.txt,train
od_VID_20230525_182437_mp4-13_jpg.rf.7a23c8f21fd021e16457c8540b08a719.txt,train
od_VID_20230628_174117_mp4-7_jpg.rf.f054b1cdcdedeb3892b2bbdef2c1c63e.txt,train
od_VID_20231011_135619_mp4-49_jpg.rf.433d8ee13d94b128f5372e1ec7e6a673.txt,train
od_VID_20231011_135944_mp4-8_jpg.rf.d6ea62cfff464c05b40367e53aaafad1.txt,train
od_VID_20231011_135619_mp4-41_jpg.rf.901164e9f85bc20b7076e1ef0514a7fe.txt,train
od_VID_20231011_144227_mp4-12_jpg.rf.5caf52e761dcfd7834d4db0283d100a7.txt,train
od_VID_20231010_140102_mp4-43_jpg.rf.9eff111d2c6849e9d02ef24b0c79576d.txt,train
od_VID_20231011_140456_mp4-7_jpg.rf.e996fad65670dc073aa84fec524fbb9d.txt,train
od_VID_20231011_135525_mp4-21_jpg.rf.879092bbd0594bf8f0645293cf6b8382.txt,train
od_VID_20231011_140807_mp4-17_jpg.rf.0b39b4f13c055c6ff30b1e215a145353.txt,train
od_VID_20231010_140102_mp4-28_jpg.rf.50782f580d9c03175b197e4a644dd4e6.txt,train
od_VID_20231010_140102_mp4-39_jpg.rf.158401a932816d12ad6a4434212b7b24.txt,train
od_VID_20231010_140102_mp4-82_jpg.rf.96d21fe6ada47899ce21318b8c4f1406.txt,train
od_VID_20230610_181627_mp4-24_jpg.rf.8599d7b85a95a50486f7697462be669f.txt,train
od_VID_20231011_135819_mp4-15_jpg.rf.9e685172bb596d725cc60319a877b38f.txt,train
od_VID_20231011_140516_mp4-11_jpg.rf.2bb0aaef14640a5a367ae84e13a7857e.txt,train
od_VID_20231011_140537_mp4-1_jpg.rf.44a4edcd4c4716dec3a0b34aeff582f4.txt,train
od_VID_20231011_140537_mp4-5_jpg.rf.e673c0c145586b5113ff323020d7e1d0.txt,train
od_VID_20231011_135819_mp4-11_jpg.rf.764b172bcb97e7606ca8de4c43082a80.txt,train
od_VID_20231011_143923_mp4-16_jpg.rf.ea7e3d35b58c0bc7eefd9c23935a497a.txt,train
od_VID_20231011_140456_mp4-3_jpg.rf.75bc18352e83643043232d357336bdda.txt,train
od_VID_20231011_140516_mp4-11_jpg.rf.5b9c93e1aadc3072e65db978387e5aa6.txt,train
od_VID_20231011_135819_mp4-27_jpg.rf.629f40ec489f6894f00812b959a537f0.txt,train
od_VID_20231011_135944_mp4-53_jpg.rf.7f5fb7b59b5ab87b61bf8081496b5341.txt,train
od_VID_20231011_135819_mp4-41_jpg.rf.1aec1cd5f56f6d6703fe2c2572cac586.txt,train
od_VID_20231011_143923_mp4-28_jpg.rf.5d9b8080c2d4959203e96be4c6635473.txt,train
od_VID_20231010_140102_mp4-84_jpg.rf.6bb4a3557c74b1f5202ffacdccd30522.txt,valid
od_VID_20231011_143923_mp4-13_jpg.rf.cdcb3b3c06247372c7830deea9cd91f9.txt,train
od_VID_20231010_140102_mp4-62_jpg.rf.b9b24683f8da015899ad809d5e13f216.txt,valid
od_VID_20231010_140102_mp4-2_jpg.rf.3c4357f0198f2b8f5ac4e28bd678d6ad.txt,train
od_VID_20231010_140102_mp4-120_jpg.rf.89e84a13d175d5323f6490ba19f8d2d1.txt,train
od_VID_20231011_135819_mp4-49_jpg.rf.8dd7005afc36e22e2ce09d5bcb14f06f.txt,train
od_VID_20231011_143923_mp4-21_jpg.rf.b486d8ed0ac154c21be421b88ad5412c.txt,train
od_VID_20230610_181627_mp4-2_jpg.rf.d278fa6bd9a87c797db930052e7d7b77.txt,train
od_VID_20231011_140516_mp4-1_jpg.rf.f14e1efb8f62224c3ecac5d85f7fcb21.txt,train
od_VID_20231011_135819_mp4-2_jpg.rf.89da7206766e836f9bf6413234e162a6.txt,train
ur_vlcsnap-2025-02-10-08h00m28s737_png.rf.957b7feca8bb911c6b590b8431245522.txt,train
od_VID_20231011_135944_mp4-42_jpg.rf.81afabe5352e023493bad8f85dd986bd.txt,train
od_VID_20230525_185552_mp4-1_jpg.rf.f1270f0e86971323cb534048f0c206d2.txt,train
od_VID_20231011_135619_mp4-3_jpg.rf.504c025645e51fe1c730071f438aefd6.txt,train
od_VID_20231011_135819_mp4-44_jpg.rf.7d0ed5f12d16f4e2fce4db838ab709e8.txt,train
od_VID_20231010_140102_mp4-158_jpg.rf.876b1688cb0383e6c2f181450d8c8274.txt,train
od_VID_20231011_135944_mp4-15_jpg.rf.353c438e807006c65eb78687e32075cf.txt,train
od_VID_20230610_181627_mp4-26_jpg.rf.2cb014949a4956c4017138edba4c0128.txt,train
od_VID_20230610_181627_mp4-2_jpg.rf.77795834a6443d4a23ddcbe5730977ab.txt,train
od_VID_20230607_144001_mp4-3_jpg.rf.b49805aa05c4790841d6b93905cde33e.txt,train
od_VID_20231011_135944_mp4-33_jpg.rf.5b6e5db4e44f2e6c16d232c19dc9cfaf.txt,train
od_VID_20231011_140456_mp4-14_jpg.rf.755396653a1c6bee49ba5a1ce1c5db62.txt,train
od_VID_20231011_140935_mp4-3_jpg.rf.20d12f49a1a09cf7420f24597be90ee1.txt,train
od_VID_20231011_135619_mp4-2_jpg.rf.a95595eadfb1d6a50bbfe41b5cd920d8.txt,train
od_VID_20231011_135619_mp4-10_jpg.rf.700165d41c16a915243bf80a49bcdeea.txt,train
od_VID_20231010_140102_mp4-14_jpg.rf.0116a6b5644bfb6cf7c698a2c49d2cff.txt,train
od_VID_20231010_140102_mp4-34_jpg.rf.7b51828d5c968a65fcaf4957c1166c98.txt,train
od_VID_20231011_140902_mp4-22_jpg.rf.580c90b307104bdc14923e9770a73f47.txt,train
od_VID_20230610_181728_mp4-2_jpg.rf.05a877c3f4ec44a4fcfde72f5836bc58.txt,train
od_VID_20230628_174117_mp4-6_jpg.rf.d11a7bf8df30d7f3c168f4b6f7873a79.txt,train
od_VID_20231012_184918_mp4-9_jpg.rf.a8ef90979d175657b584df09073386d0.txt,train
od_VID_20230607_144001_mp4-5_jpg.rf.fa55f19fb80ac8968b83274e2a002c95.txt,train
od_VID_20231011_140608_mp4-7_jpg.rf.0887f4270dcf7a10fa4d27622c9b8106.txt,train
od_VID_20231010_140102_mp4-3_jpg.rf.2b095b7bdf16cc09dcdbdb3f7b4e4ce8.txt,train
od_VID_20230610_185607_mp4-20_jpg.rf.2ef81422dd58e0ef5788986814fbf766.txt,train
od_VID_20231011_140456_mp4-8_jpg.rf.54b5e475e0132374028dce1ab3ee427e.txt,train
od_VID_20231010_140102_mp4-76_jpg.rf.95654d0f131a61a48d4c5a0be9c3fe24.txt,train
od_VID_20231012_184950_mp4-6_jpg.rf.a6974f97522ab279b07386a3196b6110.txt,train
od_VID_20231010_140102_mp4-2_jpg.rf.87cc52e21516e357f0a06f927eec8e00.txt,train
od_VID_20231011_135944_mp4-35_jpg.rf.b2c801c4f0255c6bd715937e9045133f.txt,train
od_VID_20231011_140456_mp4-11_jpg.rf.fd7832f5004172b253c6ed79e4e8be95.txt,train
od_VID_20230610_185607_mp4-8_jpg.rf.ec7dc447125d170bedd74f2b010bd863.txt,train
od_VID_20231011_135619_mp4-38_jpg.rf.e1436dd5c5856d8e491d3937b4906b1e.txt,train
od_VID_20231012_184918_mp4-4_jpg.rf.8b06984a9e3735f9b9b78b43c62d68b9.txt,train
od_VID_20231012_183030_mp4-42_jpg.rf.245d7e665812fde910b471a2c051606f.txt,train
od_VID_20231011_135819_mp4-1_jpg.rf.4aae88e2d9b57af31a9ad2427ff773c1.txt,train
od_VID_20231011_142142_mp4-0_jpg.rf.689b99663a9b705ff846b5dc0a694557.txt,train
od_VID_20231011_140902_mp4-6_jpg.rf.27585ae6b57a9d1f4eb94bf4ea36c5ec.txt,train
od_VID_20231010_140102_mp4-3_jpg.rf.dbe7ff71d63e0af05391efdb1cdd4df5.txt,train
od_VID_20231010_140102_mp4-104_jpg.rf.31b5aaed9457a1994c4f2a238660c961.txt,train
od_VID_20231011_135525_mp4-41_jpg.rf.8e7e6c7194df253772a3275f31e9d817.txt,train
od_VID_20231010_140102_mp4-52_jpg.rf.33c84e944e33e722220bd3480316e4d2.txt,train
od_VID_20231011_140902_mp4-23_jpg.rf.200c97c80ecb34c01dff58a552b134c8.txt,train
od_VID_20231012_183030_mp4-43_jpg.rf.008e221235fa3c8870f1cebd19799e57.txt,train
od_VID_20231011_135619_mp4-46_jpg.rf.85971bdd9afff51351405a9ef81c24e9.txt,train
od_VID_20231011_142737_mp4-8_jpg.rf.1cb3a566ef978e8f6f0273805a15cb24.txt,train
od_VID_20231011_135619_mp4-4_jpg.rf.f2d8930dd8c4570171a2936611a5f6d5.txt,train
od_VID_20231011_135819_mp4-39_jpg.rf.73fc41f6bbc81401b87bc656175fa8d5.txt,train
od_VID_20231011_140537_mp4-10_jpg.rf.8376ffd855787c11def38ddafa37e4b5.txt,train
od_VID_20231011_135619_mp4-27_jpg.rf.729b6e74df5bd19ac92f1baeadaf14b3.txt,train
od_VID_20231011_140902_mp4-15_jpg.rf.70031e80215846b253a942dac9be619c.txt,train
od_VID_20230607_144001_mp4-11_jpg.rf.2c9a85f8bdce743645994c74dfe88b3d.txt,train
od_VID_20231010_140102_mp4-15_jpg.rf.2794518fb1675d75f4e8db207148a7ce.txt,train
od_VID_20231011_135819_mp4-50_jpg.rf.f8e8f120f8d4062556d36451a3be1217.txt,train
od_VID_20231010_140102_mp4-133_jpg.rf.a70685c194742a92a297fb183404fffe.txt,train
od_VID_20231011_135819_mp4-25_jpg.rf.a2cb4da86abedc89a211a36403074490.txt,train
od_VID_20231011_135525_mp4-35_jpg.rf.bd969af9366b1b5d1aeb72b13dc7a886.txt,train
od_VID_20230610_185607_mp4-19_jpg.rf.ed497d9f1430c0fdad606a67423344b4.txt,train
od_VID_20230525_182437_mp4-8_jpg.rf.499f0ef1b0d31e8a2fe388eafe487df2.txt,train
od_VID_20231010_140102_mp4-40_jpg.rf.42d45c7464e97cff586273c71a05d186.txt,train
od_VID_20231012_182919_mp4-19_jpg.rf.36849f336db4fe6c1d27253c70dc0946.txt,train
od_VID_20231010_140102_mp4-134_jpg.rf.955e27630add8eb0450ff622abf03882.txt,train
od_VID_20231011_142126_mp4-1_jpg.rf.b79fff5241a15b3459e39d6e6cc22d93.txt,train
od_VID_20231011_135944_mp4-8_jpg.rf.824cfa73aade33adb946f736add6c610.txt,train
od_VID_20231010_140102_mp4-139_jpg.rf.30347e71e412b710a7e316420426fecd.txt,train
od_VID_20231011_140608_mp4-15_jpg.rf.8e35ed7ef351f51ab094448de262106d.txt,train
od_VID_20231010_140102_mp4-86_jpg.rf.2a6eb6baddfb336ddd41f28827230bc1.txt,valid
od_VID_20231010_140102_mp4-58_jpg.rf.bcae44b6f41bfcfe07f0a740a3411079.txt,train
od_VID_20231011_140608_mp4-23_jpg.rf.835183a591512af5c3540df49f57372a.txt,train
od_VID_20231011_140902_mp4-13_jpg.rf.401129ebbf9d787e0312795ffd7978b5.txt,train
od_VID_20231010_140102_mp4-97_jpg.rf.513e4a5d6c4b9e7c41ab89d3ca8bfa1c.txt,train
od_VID_20231011_135819_mp4-37_jpg.rf.668ed8436b93f12b913fb087281c7e97.txt,train
od_VID_20231011_135944_mp4-27_jpg.rf.19838d1f2fdb925b7db7f7a6b4fa3dc8.txt,train
od_VID_20230610_181627_mp4-17_jpg.rf.b16a57300b5eac8a7619f3812d1267f4.txt,train
od_VID_20231011_135619_mp4-34_jpg.rf.3597e0464b47cea4a53588aa884918e7.txt,train
od_VID_20231010_140102_mp4-19_jpg.rf.c063d868f3d7b3ca5ed6978d2256e2cd.txt,train
od_VID_20231011_135944_mp4-35_jpg.rf.68d422adc98e2d8a8bbd5a55687470d4.txt,train
od_VID_20231010_140102_mp4-116_jpg.rf.95713b1c5a4166a4b81b16bc6f0f8f53.txt,train
od_VID_20231010_140102_mp4-131_jpg.rf.fc23a61c68839bfed485b009cb0cf8fb.txt,valid
od_VID_20231011_140807_mp4-43_jpg.rf.1b8e439fd1b5b3d659fdc137fd5f0418.txt,valid
od_VID_20231011_135819_mp4-21_jpg.rf.b03ada48e3377daaeb8c790c9fc20efb.txt,train
od_VID_20231011_143828_mp4-32_jpg.rf.d46cc48250135f5c39dae811cc9db387.txt,train
od_VID_20230610_185607_mp4-14_jpg.rf.90890edbee9f012c2fb3a0ccb918b8a9.txt,train
ur_vlcsnap-2025-02-20-11h11m40s613_png.rf.63bae3363999bb8d1cf60825f3bbf325.txt,train
od_VID_20231012_183030_mp4-91_jpg.rf.0c45809f145ac2ad91f2e0457e83d032.txt,train
od_VID_20231012_183030_mp4-35_jpg.rf.9e5a4adf8cdf4703ccdff2c0fd5b5cca.txt,train
od_VID_20230610_181728_mp4-9_jpg.rf.dbef9de175d662f800c1694097e9ae96.txt,train
od_VID_20231010_140102_mp4-156_jpg.rf.1b2254745d45fb5b9aaba96b70a80163.txt,train
od_VID_20231010_140102_mp4-74_jpg.rf.d4191a29bc7bc7754485bdfd4cff5ae2.txt,train
od_VID_20231012_182803_mp4-18_jpg.rf.6be0a4bd226699746603671d7e5970bb.txt,train
od_VID_20231011_135724_mp4-3_jpg.rf.6479d0f19ec42f6e1fb9e40249e6757e.txt,train
od_VID_20231011_135944_mp4-2_jpg.rf.6f1e83b64310662534755ec987548a9e.txt,train
od_VID_20231011_135619_mp4-23_jpg.rf.18152988b33e3407c9e931c93ea932fc.txt,train
od_VID_20230525_182437_mp4-14_jpg.rf.552667de8d9afd261e996b8dc0904508.txt,train
od_VID_20231010_140102_mp4-27_jpg.rf.adfaf38d83c8f91eaeb4e33a36564e14.txt,train
od_VID_20231011_143828_mp4-11_jpg.rf.b2fcac8daea939d07bf3e1070b192882.txt,train
od_VID_20230525_182437_mp4-9_jpg.rf.7e3a17ab76a4e2f432a6cd256d8d2112.txt,train
od_VID_20231010_140102_mp4-135_jpg.rf.1ac7bffea562e9bdbd8e995c6a7e5c4a.txt,train
od_VID_20231011_140935_mp4-9_jpg.rf.4fb2ef4e85b6ff9e307ffc0897d0ffbd.txt,train
od_VID_20231011_135525_mp4-34_jpg.rf.1834efb903ef77dff340ec86f73e4bce.txt,train
od_VID_20231011_143828_mp4-25_jpg.rf.11b64ee7cafb76d9d83ced4092ec8a6e.txt,train
od_VID_20231010_140102_mp4-13_jpg.rf.7beff833101b1e8a866acad1ea896983.txt,train
od_VID_20231010_140102_mp4-43_jpg.rf.c9dbb37e70ca28d5a7140a0d721e4423.txt,train
od_VID_20231011_140456_mp4-0_jpg.rf.545dc3a9096e4b298b3f6f6fb9b5da37.txt,train
od_VID_20231011_135619_mp4-1_jpg.rf.b80a5bc7b5a980d64c3026804f35ee2d.txt,train
ur_vlcsnap-2025-02-10-08h00m28s737_png.rf.4dbc138ff4623edb0054e59bfa416177.txt,train
od_VID_20231010_140102_mp4-64_jpg.rf.00d59536feaefb566f6e46a3b2471997.txt,train
od_VID_20231011_135944_mp4-9_jpg.rf.5ba68e3632828fd647d5ed064d5e643c.txt,train
od_VID_20231012_184336_mp4-32_jpg.rf.470bf68feaf43171f602326551a830d9.txt,train
od_VID_20231011_135525_mp4-23_jpg.rf.f5884ef0c6a1057b987511d8f8ac8357.txt,train
od_VID_20230610_181728_mp4-0_jpg.rf.d08a593b2934b31e7aa45b5d2796ecb9.txt,train
od_VID_20230610_185607_mp4-14_jpg.rf.08464d925a5baf7c00ef2b0ef1068ce2.txt,train
od_VID_20230610_185607_mp4-16_jpg.rf.edc3ae42234562f158751fb7e20fd6da.txt,train
od_VID_20230610_181713_mp4-3_jpg.rf.631261238fd61fa4809ef9618037daae.txt,train
od_VID_20231011_135819_mp4-1_jpg.rf.013a3a403bcf67879712ee542e5ec5b4.txt,train
od_VID_20231010_140102_mp4-0_jpg.rf.cd3d15ae0996af577dcce8c905b147be.txt,train
od_VID_20231011_140608_mp4-12_jpg.rf.5f9fa3821300add3b0fa45536d0dc1b9.txt,train
od_VID_20231011_135619_mp4-24_jpg.rf.8d81d547fb37c3c49cfdbc336be9273e.txt,train
od_VID_20231010_140102_mp4-81_jpg.rf.8d1b6c7ccd8aead89fb8af447358cf66.txt,train
od_VID_20231010_140102_mp4-44_jpg.rf.d3b4f6ba2092da9e91528100033230b1.txt,train
od_VID_20231010_140102_mp4-85_jpg.rf.86c50af3f8987135b239cf3085966ac9.txt,train
od_VID_20231010_140102_mp4-12_jpg.rf.727d715e2e1b5d66540c3e7e573e014f.txt,train
od_VID_20231010_140102_mp4-115_jpg.rf.debd0967c81c02b8b247d7734c15ae22.txt,train
od_VID_20231011_140902_mp4-21_jpg.rf.a37f111fdf3767ffae4849f9475776ba.txt,train
od_VID_20231011_143828_mp4-41_jpg.rf.ae0be1e553aa4aec272ac357bab402d2.txt,train
od_VID_20231010_140102_mp4-63_jpg.rf.bb9f646c9515bfd870bad3bd93bee48b.txt,train
od_VID_20231010_140102_mp4-116_jpg.rf.270d11c33caec262957d9678ce9007dc.txt,train
od_VID_20231010_140102_mp4-101_jpg.rf.55f6558d134735eb862736ca143fe7a3.txt,train
od_VID_20231011_143828_mp4-32_jpg.rf.89a70e9feafc6125ce3bdcf49981c8c4.txt,train
od_VID_20231011_142126_mp4-0_jpg.rf.7f9682537961ecac0736683a30e5e99f.txt,train
od_VID_20231011_135619_mp4-12_jpg.rf.bacba35e9a4450cc68ddae4d58504f11.txt,train
od_VID_20230607_144001_mp4-9_jpg.rf.42383583a8a930186ed7469381760f42.txt,train
od_VID_20231011_135525_mp4-29_jpg.rf.89cdecd3008c4baceec9722796a9ffa6.txt,train
od_VID_20231010_140102_mp4-132_jpg.rf.730eaebc79594c32e3bccfccab921f20.txt,train
od_VID_20231011_144227_mp4-11_jpg.rf.70724d6be315b9d254ed1d0d6285d1bb.txt,train
od_VID_20231011_140902_mp4-19_jpg.rf.9358ecb4e321ffc10c12e1dc1b82b511.txt,train
od_VID_20231011_140537_mp4-13_jpg.rf.91967fa7f8c93ca45caa32a0e31d4dec.txt,train
od_VID_20230607_144001_mp4-1_jpg.rf.4b4bbe3dff62a15112ee1b2945beecca.txt,train
od_VID_20231011_135819_mp4-46_jpg.rf.cba3bee5e3c80cdc0eb847ba45af7cda.txt,train
od_VID_20231011_140537_mp4-4_jpg.rf.19ca22b46a7b4e9ab8fd4ef9c46d4811.txt,train
od_VID_20230525_182437_mp4-11_jpg.rf.4d204abda90f0286f9ce79d73f1bed3c.txt,train
od_VID_20231010_140102_mp4-106_jpg.rf.97cf8e968763bf46048a815bbebf69c9.txt,valid
od_VID_20230610_185607_mp4-19_jpg.rf.445189d46fdec44d8e2419143b8c2004.txt,train
od_VID_20231011_143828_mp4-41_jpg.rf.1c8edaf6ec696aae7cece60ca0e09eba.txt,train
od_VID_20231011_135819_mp4-31_jpg.rf.215f53c8faeebe8ee05102155379f75e.txt,train
od_VID_20231011_135619_mp4-11_jpg.rf.289247cf783ab8b19965067baa07e6ac.txt,train
od_VID_20231011_135619_mp4-42_jpg.rf.62ed0d694a4c20a9fbfb6509a9bb46ce.txt,train
od_VID_20231011_135944_mp4-21_jpg.rf.cd1c0806357c243256762b7801170474.txt,train
od_VID_20231011_143828_mp4-1_jpg.rf.04cbb6c10c0999343dfd14ccb312a6d6.txt,valid
od_VID_20230610_185607_mp4-1_jpg.rf.918508c85ed052de44dc1b03bf8c7e5c.txt,train
od_VID_20231011_140902_mp4-4_jpg.rf.f3697167631e0deb761a481b30bc4d8e.txt,train
od_VID_20231010_140102_mp4-65_jpg.rf.091bb3833d53b33cd261e18dbf1d5370.txt,train
od_VID_20231010_140102_mp4-55_jpg.rf.9c794710c40e8e9d06d845fc9f5f825f.txt,train
od_VID_20230607_144001_mp4-11_jpg.rf.25ed653a59e75cea8e8f16cb9994ce4a.txt,train
od_VID_20231011_140608_mp4-3_jpg.rf.94475bcfe79266845579538f362227af.txt,train
od_VID_20231011_135944_mp4-24_jpg.rf.4c4112046942b3157a435601759e8406.txt,train
od_VID_20231010_140102_mp4-101_jpg.rf.f22834ffb60e439fede466b9802c6b43.txt,train
od_VID_20231011_140608_mp4-16_jpg.rf.80f3e6c273b21ab37633df677a7b3e0c.txt,train
od_VID_20231011_135819_mp4-48_jpg.rf.307ab27428bf025fd39099b76c770831.txt,train
od_VID_20230628_174117_mp4-9_jpg.rf.6eca419df95839ecff68adb40d5553a0.txt,train
od_VID_20231010_140102_mp4-102_jpg.rf.308af5c60f531a0ca0f7cdaecb9bea3a.txt,train
od_VID_20230610_185607_mp4-11_jpg.rf.6212e69296ca43719297ed58e14fef64.txt,train
od_VID_20231011_135819_mp4-45_jpg.rf.cd54d07b85b54ee5f9c65e1eb92d373c.txt,train
od_VID_20231011_143828_mp4-3_jpg.rf.5326d482a25f449f0086d2ce83879d63.txt,train
od_VID_20231012_182803_mp4-49_jpg.rf.bd03f9578377e9926682ad9fdefa6c6b.txt,train
od_VID_20231011_135819_mp4-32_jpg.rf.66de852b0bb86acfb69e19b88ed3b9c0.txt,train
od_VID_20231011_135619_mp4-33_jpg.rf.8de1c9aa8ba00720bea17b8247b2cfb4.txt,train
od_VID_20231011_135944_mp4-45_jpg.rf.2506860cb73617101db3d8fa44b4e6e3.txt,train
od_VID_20230525_182437_mp4-6_jpg.rf.ba76c50c60750988855188e3653be813.txt,train
od_VID_20231011_143828_mp4-5_jpg.rf.5a0bfa5ae6a76c776fa7b52f618e38fc.txt,train
od_VID_20231010_140102_mp4-5_jpg.rf.a5842523980afefaa9db894081b4b2fb.txt,train
od_VID_20231011_135819_mp4-30_jpg.rf.ec2c55c133eee3af98c4b8c15c1b2526.txt,train
od_VID_20231011_140537_mp4-8_jpg.rf.60be51f07dece0ebfd39e5ab885036b8.txt,train
od_VID_20231010_140102_mp4-155_jpg.rf.c74958aca1ef53a49b1b3b939d26be12.txt,train
od_VID_20231011_140902_mp4-11_jpg.rf.7021b010b1b5625e77794a0d8630ba6f.txt,train
od_VID_20231012_184336_mp4-31_jpg.rf.42e8810b1801d16eaa4e6abe15a2a476.txt,train
od_VID_20231011_140608_mp4-17_jpg.rf.12ab8420fa74682657d0ac3a856fb7d2.txt,train
od_VID_20230525_182437_mp4-13_jpg.rf.eebec76e72c4add78561e0c54783efcf.txt,train
od_VID_20231010_140102_mp4-68_jpg.rf.dc349bf684e7d470443b3ba9b66a8367.txt,train
od_VID_20231011_135619_mp4-4_jpg.rf.a91a8bda36f479537abbdced7b298116.txt,train
od_VID_20231011_142737_mp4-2_jpg.rf.888b3195324a3d726792ed87e87688b1.txt,train
od_VID_20231011_140935_mp4-5_jpg.rf.62d94cdc84a5db890de73420b0848439.txt,train
od_VID_20231010_140102_mp4-54_jpg.rf.fd6cdfd444983119eff2969ace2f4105.txt,train
od_VID_20231010_140102_mp4-72_jpg.rf.5742a6d20cb20cb9edfbf8ff9ee2f634.txt,train
od_VID_20231011_140608_mp4-29_jpg.rf.71148389a946622c479f3ae04ff317d8.txt,train
od_VID_20231011_140608_mp4-25_jpg.rf.c184116b146e3ff179a6c3633c9954a9.txt,train
od_VID_20230610_181627_mp4-1_jpg.rf.4954a9f751990732ec063a514c03c39b.txt,train
od_VID_20231011_135944_mp4-51_jpg.rf.96762c36ead8433b2eb0fde190b3c987.txt,valid
ur_vlcsnap-2025-02-20-11h11m40s613_png.rf.dee256d8cebb092a3ca90a26172cb9c9.txt,train
od_VID_20231010_140102_mp4-89_jpg.rf.869686b9be4c0d8e0192a04cb8c334aa.txt,train
od_VID_20231012_183030_mp4-32_jpg.rf.ded549d56fe1bfc0ca860de62c317f63.txt,train
od_VID_20231012_183030_mp4-34_jpg.rf.c0110417a7dc7f8d6e7c2d8b2645de35.txt,train
od_VID_20231011_135944_mp4-34_jpg.rf.87246cda315b28cbaa9814074eccc7dc.txt,train
od_VID_20231011_135619_mp4-43_jpg.rf.72a72eaff658ab31bbf2b4041dbd0d8e.txt,train
od_VID_20231011_143828_mp4-42_jpg.rf.7befc1cf2860a4ccbb64f17fdcdd83e2.txt,train
od_VID_20231011_143213_mp4-26_jpg.rf.23265ad07d86973e96b0e2346c5c5884.txt,train
od_VID_20231011_135619_mp4-7_jpg.rf.bba08c605348657e3c29f308a9d9c3e0.txt,train
od_VID_20231011_140608_mp4-10_jpg.rf.44e6f10d94cdfc59b4805bb132038cd4.txt,train
od_VID_20231010_140102_mp4-55_jpg.rf.b9b3975ff892427698400656d86bd1c7.txt,train
od_VID_20231010_140102_mp4-136_jpg.rf.5867f98c1924e37efd81302f9f762c39.txt,train
od_VID_20231011_135619_mp4-29_jpg.rf.1d092f630b0458cb655a4b12d753c0b0.txt,train
od_VID_20231011_135525_mp4-25_jpg.rf.8b2d1658a5ec7677e1e5fbd122be5207.txt,train
od_VID_20231011_140608_mp4-30_jpg.rf.d8e2a1bd1a982397ad0f4963d2132651.txt,train
od_VID_20230628_174108_mp4-0_jpg.rf.d36cfcefb0277eae4530511f77219c6c.txt,train
od_VID_20231011_140608_mp4-6_jpg.rf.3cea4282592554f1e1f85e0897353edd.txt,valid
od_VID_20231011_135525_mp4-35_jpg.rf.77099ae98c7fd5df873b4c18deccd3b0.txt,train
od_VID_20231010_140102_mp4-125_jpg.rf.1d253aea0ec02054daa7a13ca5a976ec.txt,train
od_VID_20231011_140935_mp4-0_jpg.rf.c3ceb1980815a59021e4aed4214e07c8.txt,train
od_VID_20231011_135619_mp4-6_jpg.rf.4239a5747b62f1720e3e9690205846fb.txt,train
od_VID_20231011_135944_mp4-47_jpg.rf.62e8b6d5e545df1e432d15f17fb14c03.txt,valid
od_VID_20231012_184336_mp4-34_jpg.rf.0fb89d14a23163a6b789c2dc18512f41.txt,train
od_VID_20231011_143828_mp4-7_jpg.rf.0c3ac8890760f6602032af3782debd24.txt,train
od_VID_20231011_142737_mp4-7_jpg.rf.08a92bcada77c7d9ff5a7b5d75d15ac3.txt,valid
od_VID_20231011_135944_mp4-30_jpg.rf.5b96f426a65eaaff0aeee4582f8aea36.txt,train
od_VID_20230525_182446_mp4-10_jpg.rf.c7e00d8e553ff29583b15620c58dec5c.txt,train
od_VID_20231011_135619_mp4-43_jpg.rf.4d1f431d4aa7345cab62a0d714f38b57.txt,train
od_VID_20231011_135619_mp4-30_jpg.rf.b6c81ed04181aaa87f6e82e900a12cfe.txt,train
od_VID_20231011_135944_mp4-27_jpg.rf.f7a2c2057e59b4273322561d07584964.txt,train
od_VID_20231010_140102_mp4-17_jpg.rf.1d6f7c5b2f560ecac9dbef1c160dee9e.txt,train
od_VID_20231010_140102_mp4-141_jpg.rf.ebafc566a32c3a0535107b77bc4d54d2.txt,train
od_VID_20231011_135944_mp4-0_jpg.rf.a5348f0973a72edb452a876c1a75e78d.txt,train
od_VID_20230610_181713_mp4-0_jpg.rf.1c6d5a00d4a3f2c3c9bd416c7e287b39.txt,train
od_VID_20231010_140102_mp4-150_jpg.rf.881be92ce4c10870995f5b04852712f2.txt,train
od_VID_20231010_140102_mp4-8_jpg.rf.2259a20d191d1f4882bcfc3580791eb1.txt,train
od_VID_20231010_140102_mp4-77_jpg.rf.9a88e2356115ea024e0d6455eb3865a3.txt,train
od_VID_20231011_135819_mp4-43_jpg.rf.6cf578289f96ba72cecb0abf9c85593c.txt,train
od_VID_20231011_144344_mp4-3_jpg.rf.758acf5e83c12eb3288eb41f68d9e5f4.txt,train
od_VID_20231011_143828_mp4-24_jpg.rf.6c35630df9ba25cf2db6795146e4938c.txt,train
od_VID_20231011_143443_mp4-65_jpg.rf.ddeb7b8dacaa11bf9d0fcad5877c0d0f.txt,train
od_VID_20231011_143828_mp4-6_jpg.rf.58eaf6afd027e375d2050f8cbe9c545c.txt,train
od_VID_20231011_143923_mp4-18_jpg.rf.0881228338aa9fdf1224e5a1a68c2191.txt,train
od_VID_20231011_142025_mp4-1_jpg.rf.6f651a15e008eb00387a638573d4f991.txt,train
od_VID_20231011_143828_mp4-15_jpg.rf.2edf5cb2f76eb0e0bf16ae51c091aab8.txt,train
od_VID_20231010_140102_mp4-145_jpg.rf.051a4a7cfa05f3ba8ba828233b59bcfd.txt,train
od_VID_20231011_135724_mp4-3_jpg.rf.e5207f113c6d2b3d988bb27b065f2838.txt,train
od_VID_20231010_140102_mp4-120_jpg.rf.c3c1966fd7aa74310de28dc23508bbd0.txt,train
od_VID_20231011_140935_mp4-2_jpg.rf.adaba4d0bae74b906c08a59c0b68250c.txt,train
od_VID_20230610_181713_mp4-9_jpg.rf.e87be5b0045253bbf83e0d504551b773.txt,train
od_VID_20231011_135525_mp4-11_jpg.rf.b09dbbb0d5787cab52875328e8125597.txt,train
od_VID_20231011_140706_mp4-0_jpg.rf.5790b0743198578717e63cf612d76e8d.txt,train
od_VID_20231012_184950_mp4-6_jpg.rf.b81ab59516f10e7a3f29e0538e9a5337.txt,train
od_VID_20231011_140902_mp4-4_jpg.rf.9c6c7119cf636348ad392d28899a87d3.txt,train
od_VID_20231011_143828_mp4-0_jpg.rf.3837e36df1982d4b09b89c2c9ea8480b.txt,train
od_VID_20231011_135619_mp4-42_jpg.rf.1df550eacebba620dcc19b1dd05cc468.txt,train
od_VID_20231011_142737_mp4-3_jpg.rf.aab9034be6ae994ec6c380df1a5f0113.txt,train
od_VID_20230607_144001_mp4-4_jpg.rf.eaa71aa3ca32ecbe5d4e192b0c45327d.txt,train
od_VID_20231011_140456_mp4-5_jpg.rf.6f95a744c37c04000595f38a39717798.txt,train
od_VID_20231011_135619_mp4-44_jpg.rf.441fc8892c768e6ac392a7349a590010.txt,valid
od_VID_20231011_143828_mp4-4_jpg.rf.3c33359c39fad9120e463b7d3b2d190d.txt,train
od_VID_20231011_140537_mp4-0_jpg.rf.c21515d74dc8dc1312f03d3bb7754211.txt,train
od_VID_20231010_140102_mp4-109_jpg.rf.c5bed943751f4f61aaceeb6523851620.txt,train
od_VID_20231011_135819_mp4-22_jpg.rf.bde5abd8e135c869b55950253dba2da0.txt,valid
od_VID_20231010_140102_mp4-11_jpg.rf.136b2f37d7d242b36586f5fbf18569f2.txt,train
od_VID_20231010_140102_mp4-163_jpg.rf.f9cedcb9584b58f233ee1e74d3d69d3e.txt,train
od_VID_20231011_135819_mp4-28_jpg.rf.fc08f0afd41e0c7d8fcb9d6447a30a90.txt,train
od_VID_20231011_135525_mp4-26_jpg.rf.121d900fd7a6a897dab1746beaf4f8f2.txt,train
od_VID_20231011_140902_mp4-1_jpg.rf.8bcab05e39e259b9ed207c6f51e2c7aa.txt,train
od_VID_20231011_140456_mp4-13_jpg.rf.a6b08a7a0ac25d2e40f2b0f7a9767d0a.txt,train
od_VID_20231010_140102_mp4-163_jpg.rf.fcff5f2dfbe1aaa341c273bb442986f7.txt,train
od_VID_20231011_135944_mp4-54_jpg.rf.9d62a7663ef6fd0a5b2a1a3bad84956c.txt,train
od_VID_20231010_140102_mp4-41_jpg.rf.cefff7fb1f5f02c3e15925477e4f9ff3.txt,train
od_VID_20231011_140807_mp4-0_jpg.rf.c94a34062365e2b84ac4aef8142c0568.txt,train
od_VID_20231010_140102_mp4-8_jpg.rf.fda53a35d1a5649fda2c0961839f2de8.txt,train
od_VID_20231011_135619_mp4-5_jpg.rf.bc97fec9acab28b4b2ed15027df7b013.txt,train
od_VID_20231012_184918_mp4-5_jpg.rf.547295a7d5b623a6a167d3e48fb6733a.txt,train
od_VID_20231012_184336_mp4-38_jpg.rf.074967078932e9d4419d817e5ef0b9f7.txt,train
od_VID_20231011_135944_mp4-20_jpg.rf.d4dfd20e86219e111d928c8c429025a9.txt,train
od_VID_20231011_135619_mp4-16_jpg.rf.87cee62a66fb238ab0566427b8d6f813.txt,train
od_VID_20231012_183030_mp4-47_jpg.rf.a4e5c2efa3bc95057d448c81e9d4e725.txt,train
od_VID_20231011_135819_mp4-11_jpg.rf.98e2155e7d0d21dfde46a3c399e41380.txt,train
od_VID_20231011_135819_mp4-18_jpg.rf.3e69691a781bc15b57908d0a661b57dc.txt,train
od_VID_20231010_140102_mp4-93_jpg.rf.eb5675edb69a75558872316d37ca2201.txt,train
od_VID_20231010_140102_mp4-126_jpg.rf.7153807e513b231563342b284d25aa22.txt,train
od_VID_20231011_143923_mp4-29_jpg.rf.1d4a372b9f0c7e7d405bbb5fa512db5c.txt,train
od_VID_20231011_135619_mp4-38_jpg.rf.c90a5eca7bb57c4165ca68072c1ff286.txt,train
od_VID_20231011_140537_mp4-2_jpg.rf.229b3d981d56f791e892572dcda62033.txt,train
od_VID_20230607_144001_mp4-7_jpg.rf.2279c19016002e3f13c1d0164106dc0d.txt,train
od_VID_20231011_143828_mp4-33_jpg.rf.0295cc0bd3b573f75508f4f35758cc80.txt,train
od_VID_20231011_140516_mp4-9_jpg.rf.c3edf96e925075e43f2bcbad43961a04.txt,train
od_VID_20231010_140102_mp4-124_jpg.rf.3e053fb9ed341b681d69e3cd2f7f044b.txt,train
od_VID_20231011_135619_mp4-40_jpg.rf.e0fd94e6ba8f85d83bbfa57ef1570724.txt,train
od_VID_20230525_182446_mp4-4_jpg.rf.a2d4b9a9f922d175c2d6c8b43c05c56f.txt,train
od_VID_20231010_140102_mp4-52_jpg.rf.6929a2c98abef79b47e8e75da21926fe.txt,train
od_VID_20231010_140102_mp4-151_jpg.rf.2232083ed690ad4159afea0494e1253b.txt,train
od_VID_20231011_141914_mp4-0_jpg.rf.2c08428430099e25db47f594a8721819.txt,train
od_VID_20231011_135525_mp4-13_jpg.rf.4a889b2602fce93c245b942be307fa65.txt,train
od_VID_20231011_140608_mp4-7_jpg.rf.4d5668b6305a70c40265a385d177f2e9.txt,train
od_VID_20231011_140935_mp4-3_jpg.rf.e4da5212d6d9c7f2bfc008e5cd9cbdd5.txt,train
od_VID_20231011_140902_mp4-22_jpg.rf.00411dd8fc4766534cac4187ec61db4d.txt,train
od_VID_20230630_174418_mp4-1_jpg.rf.5b0ac69bd2aa20c0247b19b5070b5293.txt,train
od_VID_20230610_181728_mp4-1_jpg.rf.7016a455f94ffedb4e2aa118964b6468.txt,train
od_VID_20230525_182437_mp4-5_jpg.rf.f6b47c683ce541cd463d5fc4e9710d4f.txt,train
od_VID_20230525_182446_mp4-16_jpg.rf.b15773fd51f0189a7f57b00741e09f35.txt,train
od_VID_20231010_140102_mp4-10_jpg.rf.815654d720875fbeb8a99b7949875947.txt,train
od_VID_20231011_135819_mp4-35_jpg.rf.65b7ef1393d9295fee344f870b987d38.txt,train
od_VID_20230628_174108_mp4-0_jpg.rf.f73eecd1b42f0646013c1850c8c9e035.txt,train
od_VID_20231011_140608_mp4-2_jpg.rf.d81e3cfab13a5a2154991f7d2a8340fe.txt,train
od_VID_20231010_140102_mp4-147_jpg.rf.b517596083a5caa8b3dbb86438916fec.txt,train
od_VID_20231011_143016_mp4-2_jpg.rf.f2949eff57491d016ab1b89a6d2f0f5d.txt,valid
ur_vlcsnap-2025-02-10-08h00m28s737_png.rf.f0c08c535de90fb9dfa26727e83505a8.txt,train
od_VID_20231011_135944_mp4-39_jpg.rf.e30e30a3ed30616d2b231f3ab9e38a06.txt,train
od_VID_20231011_143828_mp4-28_jpg.rf.e773b235d69d6c806f6e96d8721ad250.txt,train
od_VID_20231011_140902_mp4-20_jpg.rf.937a445edbe3bb528dacf1eeab64c2b8.txt,train
od_VID_20231011_140516_mp4-8_jpg.rf.6236c96f7d6966153e90752197368562.txt,train
od_VID_20231010_140102_mp4-11_jpg.rf.f90ea9fea0ef5229fae8202d6a7b04d5.txt,train
od_VID_20231011_140537_mp4-7_jpg.rf.7bece9633bef9a719f5bc399731c1343.txt,train
od_VID_20231011_135819_mp4-10_jpg.rf.ee352ed13acb2bff138377f15dcb3cbf.txt,train
od_VID_20231010_140102_mp4-32_jpg.rf.c18f8737bb99ac24df540fcf628103e0.txt,train
od_VID_20231011_140608_mp4-19_jpg.rf.7a2c5909ec09abb85731aff39a2d174a.txt,train
od_VID_20230610_181713_mp4-1_jpg.rf.e59c5171e4b780979074b034bb5e0213.txt,train
od_VID_20231011_135944_mp4-52_jpg.rf.6ec4b08fb049364ab4f48693d5cf6398.txt,train
od_VID_20231011_135619_mp4-41_jpg.rf.45442de59311db75eb6bcebf976c2b32.txt,train
od_VID_20231010_140102_mp4-130_jpg.rf.4a070072e125945256a28607cc5736bb.txt,train
od_VID_20231011_140516_mp4-7_jpg.rf.ffbe2540a8ebc0db5b699b000fea5183.txt,train
od_VID_20231010_140102_mp4-148_jpg.rf.8137d4a7388c0dbf7b527d86aa6b0046.txt,train
od_VID_20231010_140102_mp4-157_jpg.rf.b9ed4f424bc273b818b6ffdd23b4d873.txt,train
od_VID_20231011_140537_mp4-11_jpg.rf.97a0c93fae6d1d74c230582d03ba3620.txt,train
od_VID_20230610_181627_mp4-8_jpg.rf.85b347f65786c22bd6a46752ab72df44.txt,train
od_VID_20231011_140537_mp4-13_jpg.rf.6845ef25f08297870fec252bd4b2f73a.txt,train
od_VID_20231011_143828_mp4-11_jpg.rf.17f80a9d2dbdb59b04497820cdd4190f.txt,train
od_VID_20230525_182446_mp4-8_jpg.rf.bee601c73d79c78966af158a6658ca59.txt,train
od_VID_20231011_143828_mp4-13_jpg.rf.2fd82597b6f947f50b6a0e939e9e5eb4.txt,train
od_VID_20231010_140102_mp4-33_jpg.rf.48e8783734ce1d4c06a82cbbd744c401.txt,train
od_VID_20231010_140102_mp4-64_jpg.rf.cb779b9d2d87657f17594986caf95a90.txt,train
od_VID_20231011_135944_mp4-16_jpg.rf.10fb0833b6f491a53400c4fcb08cb758.txt,train
od_VID_20231011_143828_mp4-38_jpg.rf.b46fa99a0bbb228ca7c235940340d65e.txt,valid
od_VID_20231011_143828_mp4-36_jpg.rf.9e8f8fbe4b164ddb4161c982884bbb2e.txt,train
od_VID_20231011_135944_mp4-9_jpg.rf.4458981243bfad4af31d60a158754f11.txt,train
od_VID_20231011_140902_mp4-5_jpg.rf.9e309bb33b7c012f57ed3677b4ed533f.txt,train
od_VID_20231010_140102_mp4-142_jpg.rf.ba18937d0cd17bb3e75bad42639f10fd.txt,train
od_VID_20231011_135525_mp4-34_jpg.rf.749d28835bb604902e80972ec567d58a.txt,train
od_VID_20231012_183030_mp4-35_jpg.rf.07328b9cfa329197a74d71c2f71e83f1.txt,train
od_VID_20231012_182919_mp4-14_jpg.rf.3e62efb0411cfceab180d1116a31c494.txt,train
od_VID_20231011_135944_mp4-25_jpg.rf.82c90c291a3d68cf1eeedcd1fd8f8fde.txt,train
od_VID_20231011_135819_mp4-6_jpg.rf.81437e67dbef56c670c7fecd9228a186.txt,train
od_VID_20231010_140102_mp4-75_jpg.rf.95dfd0c12637bda9ec6ab62bf20063eb.txt,train
od_VID_20231010_140102_mp4-46_jpg.rf.34fe5b8eeee44481fde71fd8631c6e3f.txt,train
od_VID_20231011_143828_mp4-44_jpg.rf.963520cf41794591cc87e4f3fcf99844.txt,train
od_VID_20231010_140102_mp4-82_jpg.rf.7928b35b6bb1bb607a4ad76503d239f8.txt,train
od_VID_20231011_140608_mp4-13_jpg.rf.c492548c15d2bc3d61de01d2f780673b.txt,train
od_VID_20231010_140102_mp4-66_jpg.rf.7168934245168266cdab758723a0853b.txt,train
od_VID_20230610_185607_mp4-21_jpg.rf.06844643eb737caf40b595d84d690793.txt,train
od_VID_20230610_181728_mp4-10_jpg.rf.03cad8a0af522c7477c3b45375e3b180.txt,train
od_VID_20231010_140102_mp4-69_jpg.rf.ffd53239ecc25fba80698f369e55446a.txt,train
od_VID_20230525_182437_mp4-3_jpg.rf.64c81e92a85e57c882976dfc4db817b8.txt,train
od_VID_20231010_140102_mp4-110_jpg.rf.b40dd8a22cd0342f615cd8c650be47f7.txt,train
od_VID_20231011_135619_mp4-1_jpg.rf.8d4545be1123d6c447cf0ddd97a0b95e.txt,train
od_VID_20230628_174117_mp4-6_jpg.rf.ff4fe603aac6540d8e1935155cb69975.txt,train
od_VID_20231011_135819_mp4-6_jpg.rf.ed6ada90f9a4a7fd40016936ad9d59ae.txt,train
od_VID_20231011_140537_mp4-1_jpg.rf.0524b90ae5bc66c57064b38d52e1d57c.txt,train
od_VID_20231011_135525_mp4-20_jpg.rf.761b557c6f43221d50b92cd11c350a0c.txt,train
od_VID_20230610_181728_mp4-8_jpg.rf.d7f673c2b95bce8e7fcb0d183b3b4ee1.txt,train
od_VID_20231011_135619_mp4-39_jpg.rf.a1a04063fda562d289fa484876ba8496.txt,train
od_VID_20231011_140516_mp4-9_jpg.rf.b614c465f020d151a9789d7ff49efd8f.txt,train
od_VID_20231011_135525_mp4-0_jpg.rf.6303dc1db4e8dfa47c9916495d2281f0.txt,train
od_VID_20231010_140102_mp4-87_jpg.rf.20b1c16b5038101fd467ab96e3fc272c.txt,train
od_VID_20231011_135819_mp4-27_jpg.rf.f95fc8eb46b0810d284136af7fb1c300.txt,train
od_VID_20231011_135525_mp4-2_jpg.rf.82f0a9bb10facda6f466b1a55fd55e1f.txt,train
od_VID_20230525_182437_mp4-6_jpg.rf.b827d3c74598d222e8b485c44647409d.txt,train
od_VID_20230607_144001_mp4-1_jpg.rf.031b90ab35321270c7d41b04ad53b17c.txt,train
od_VID_20231011_140118_mp4-2_jpg.rf.cc436729761ec7a803323beada97cc93.txt,train
od_VID_20231011_135619_mp4-9_jpg.rf.9653d42697137eeb3c078e39b410e52f.txt,train
od_VID_20231011_135619_mp4-23_jpg.rf.5f487acbd5ab16913a024c6a01602165.txt,train
od_VID_20231011_143828_mp4-23_jpg.rf.1b54d36bb441223926c33e7f0624dff5.txt,valid
od_VID_20231011_135944_mp4-50_jpg.rf.5e33ab999aee34e7f9ed2c229595c18c.txt,train
od_VID_20230628_174129_mp4-1_jpg.rf.48886fc3e0d31afc6a7482b91a83981f.txt,train
od_VID_20231010_140102_mp4-113_jpg.rf.8fe3e7c19e9516626702b1db5025f75b.txt,train
od_VID_20231011_140537_mp4-11_jpg.rf.7b14fc1dfe0ef30261e355c13a55a073.txt,train
od_VID_20231011_135819_mp4-19_jpg.rf.dffc3d1479c6a6b3af1cc16c6b1aecb8.txt,train
od_VID_20231011_135944_mp4-26_jpg.rf.5798f0e10088e48d9167184037777513.txt,train
od_VID_20230525_182437_mp4-4_jpg.rf.223697b2635617f2a5f7bd0922b1c4dd.txt,train
od_VID_20231011_135525_mp4-18_jpg.rf.87124e89d390aaf33a778b5e2488fbf2.txt,train
od_VID_20231012_182919_mp4-13_jpg.rf.649e4c5d0a8493c67192d0094ea8d7ee.txt,train
od_VID_20230525_191035_mp4-0_jpg.rf.dbb56ff42be2ff611839fccf7f427097.txt,train
od_VID_20231011_140902_mp4-6_jpg.rf.b6181b297f51b9bc75e8ad7850959272.txt,train
od_VID_20231011_143828_mp4-13_jpg.rf.3df1da41dde0517e367761db140a49c9.txt,train
od_VID_20231012_182803_mp4-47_jpg.rf.45c3bb2142800626404df9944c37022a.txt,train
od_VID_20231010_140102_mp4-114_jpg.rf.eb7e15a092a43839b2b35653be8215b6.txt,train
od_VID_20231011_135819_mp4-8_jpg.rf.3b183d05ab69c43c52ba7a2f82ad45d2.txt,train
od_VID_20230610_181713_mp4-1_jpg.rf.b08d90ccdbea1cb8a3e218bb1d29b6d9.txt,train
od_VID_20231011_140516_mp4-10_jpg.rf.41a9b1074948c67ff9674d155ec25130.txt,train
od_VID_20231011_143828_mp4-2_jpg.rf.f067f77e28a933b92ce0998dab070965.txt,train
od_VID_20231010_140102_mp4-96_jpg.rf.e6b56dd694f93cb1bd82801c2ca81295.txt,train
od_VID_20231010_140102_mp4-34_jpg.rf.0847a45b30e444210a41fa8d3a43268f.txt,train
od_VID_20231011_135819_mp4-33_jpg.rf.2940924d0554e50a24649d256b14f281.txt,train
od_VID_20231011_140537_mp4-6_jpg.rf.b2530668faccbab69483f412500e7656.txt,train
od_VID_20231011_135525_mp4-19_jpg.rf.83714da328c72dc83c116f2aa3b0ecd5.txt,train
od_VID_20231011_140706_mp4-2_jpg.rf.4c6d562a45d74c63b4b7fb55543ba9b4.txt,train
od_VID_20230525_182437_mp4-10_jpg.rf.b80bc8dd6ec6b36a5700f3ac241d1679.txt,train
od_VID_20230607_144001_mp4-0_jpg.rf.3f34f566154da00a4930282009a15581.txt,train
od_VID_20231011_143116_mp4-0_jpg.rf.d2c36ceae165c419f606b6afdb735906.txt,train
od_VID_20231011_143828_mp4-43_jpg.rf.2f6ba7623e5f4a71f9d6d17554d2c17e.txt,train
od_VID_20231010_140102_mp4-138_jpg.rf.d4f09f3c8b3cb7ae9570084bd93d8d3f.txt,train
od_VID_20230610_181627_mp4-14_jpg.rf.1361238486622f0c15daeb8766b4c378.txt,train
od_VID_20230610_185607_mp4-18_jpg.rf.af5d3718cf2f7cb14d4a79a4237d9a53.txt,train
od_VID_20231012_183030_mp4-50_jpg.rf.e770fd405c23c468915483fcd7d093a2.txt,train
od_VID_20230607_144001_mp4-2_jpg.rf.373eaee0003d9f4bf143f8bb5f5f9748.txt,train
od_VID_20231010_140102_mp4-144_jpg.rf.8f15439bd68ef957f714d6f142e50857.txt,train
od_VID_20231011_140118_mp4-5_jpg.rf.50739b6e4d9f12cac96cf65f4d68971d.txt,train
od_VID_20231010_140102_mp4-17_jpg.rf.3b9055aa7b558bae2cbeafb8abafd151.txt,train
od_VID_20231011_143923_mp4-17_jpg.rf.75635db33158c118545e1236507ebd49.txt,train
od_VID_20231011_135525_mp4-43_jpg.rf.5c5a655aa7de55ca4efb7c20e10fa0ac.txt,train
od_VID_20230607_144001_mp4-6_jpg.rf.6d32b6cdc409c13b8c34cdafbca7b15e.txt,train
od_VID_20231011_135819_mp4-50_jpg.rf.66d475bb23e6306ba2a76adc0ad55af9.txt,train
od_VID_20231011_140706_mp4-2_jpg.rf.7a810e5ec05340416f9592d13a30e016.txt,train
od_VID_20231011_140807_mp4-16_jpg.rf.aeae610a906d7320dd627e8699f86ab8.txt,train
od_VID_20231012_182803_mp4-48_jpg.rf.2babe9345ced91125cd22224797861db.txt,train
od_VID_20231010_140102_mp4-90_jpg.rf.15dc73a15b60aa279e448ddadaaa84bb.txt,train
od_VID_20231011_135819_mp4-15_jpg.rf.e9d6ac8c1c489f7ca0c50b4de8467df5.txt,train
od_VID_20231011_143828_mp4-39_jpg.rf.d43c952253091e7a03b56c864f774ff3.txt,train
od_VID_20231011_142737_mp4-5_jpg.rf.a78cff46b30eb5e99759b45c99b54f4f.txt,train
od_VID_20231011_135944_mp4-37_jpg.rf.cc4cc0e49ec41c97f4b3e47488327c77.txt,valid
od_VID_20231010_140102_mp4-145_jpg.rf.cdd73b244ba9cfcc1b99581e2a771537.txt,train
od_VID_20231010_140102_mp4-157_jpg.rf.19cf79927b013be5bef955bf9c6e5dca.txt,train
od_VID_20230610_185607_mp4-18_jpg.rf.b084d49abe085bb5850739fe0709e10a.txt,train
od_VID_20231011_140608_mp4-29_jpg.rf.dac9297f9f4406b81727698394f203cd.txt,train
od_VID_20231010_140102_mp4-91_jpg.rf.1e9e91b6a3cf021cd8cf68774f334a1e.txt,train
od_VID_20231011_135819_mp4-46_jpg.rf.cb15cc1ab86a951f597b1e360686399d.txt,train
od_VID_20231011_135819_mp4-34_jpg.rf.76873c9d5e30f01600cf12059843a6af.txt,train
od_VID_20231011_140902_mp4-14_jpg.rf.1b6f36b69626b0cd95d49bb2dacee62e.txt,train
od_VID_20231011_135619_mp4-16_jpg.rf.8fbe71e26e38500970a0cd8de9f5fc54.txt,train
od_VID_20231011_140902_mp4-21_jpg.rf.1a443fa0f1da27aea1779d32ff8ad3b4.txt,train
od_VID_20230607_144001_mp4-12_jpg.rf.35a7d6140d2a854d60dbf5563c9e30ec.txt,train
od_VID_20230607_144001_mp4-10_jpg.rf.bea14abcdb10aa31299942f32afed619.txt,train
od_VID_20231010_140102_mp4-149_jpg.rf.039b4a5879c3eb52104604f35fc1bffc.txt,train
od_VID_20231011_143828_mp4-42_jpg.rf.0b2a623282b9dd4a3aaebe63d7394d6b.txt,train
od_VID_20231011_140902_mp4-9_jpg.rf.e147c0cd90c41467246650391cfe6e36.txt,train
od_VID_20231010_140102_mp4-129_jpg.rf.25af4c0352a87c3fc957a6c29df37131.txt,train
od_VID_20231011_143828_mp4-19_jpg.rf.e9232ee81e3aa861a4a1664c8a3e4a5a.txt,train
od_VID_20231011_135819_mp4-38_jpg.rf.91a58ba56eeb3613bdcdb00a0e204382.txt,train
od_VID_20231011_140955_mp4-1_jpg.rf.740b637ecd038156acd7eecf130fede0.txt,train
od_VID_20230525_182437_mp4-16_jpg.rf.8ece665015f5d45a5bfee6431db02f0c.txt,train
od_VID_20231011_140608_mp4-1_jpg.rf.42efd2642fa5bcd6156c3d17fe2a5579.txt,train
od_VID_20231011_143923_mp4-34_jpg.rf.c031770d5ee38dcf4e2f21f9d7b5fd17.txt,train
od_VID_20231010_140102_mp4-83_jpg.rf.ee54cc4e42262a0e2317437e1e1cedf7.txt,train
od_VID_20231012_184336_mp4-37_jpg.rf.d7e21f4eb260b5be93b44d4ca4f180d3.txt,train
od_VID_20231010_140102_mp4-80_jpg.rf.e7a7dbbdefe0aeb8a509fd3b3fabad6f.txt,train
od_VID_20231012_183030_mp4-36_jpg.rf.ada0f55390107bf3460208a3ce0b26b9.txt,train
od_VID_20231011_140902_mp4-14_jpg.rf.90745843487b5328fa693e615ec0dca4.txt,train
od_VID_20231011_135819_mp4-42_jpg.rf.0ff14868f1f6a08ff2e6a203037de85c.txt,train
od_VID_20231010_140102_mp4-85_jpg.rf.a3d38749c2f498281c56dbcd50e42526.txt,train
od_VID_20231010_140102_mp4-47_jpg.rf.2222604ccbb30d709f3b1355314702c7.txt,train
od_VID_20231011_140516_mp4-7_jpg.rf.a30bf57415579f2b118543518346f621.txt,train
od_VID_20230607_144001_mp4-6_jpg.rf.b23962263654825dd160a12530970e22.txt,train
od_VID_20230610_181728_mp4-4_jpg.rf.99b678d43b2acbd87f5ca4fe33688b6c.txt,train
od_VID_20231011_135525_mp4-39_jpg.rf.f899ddb72bc93af9c44cc4b47ee1ade4.txt,train
od_VID_20231011_140516_mp4-8_jpg.rf.d060940cd7cefb5e69b1a0c018efff61.txt,train
od_VID_20231011_135819_mp4-43_jpg.rf.7ff24c3353dd73e86335f67ee4a61e78.txt,train
od_VID_20231011_143016_mp4-0_jpg.rf.8444dd0fd2a2208887508304150eb782.txt,train
od_VID_20230525_182437_mp4-1_jpg.rf.e2a5fe3756b51452a2978dfd18e186f8.txt,train
od_VID_20231011_140537_mp4-2_jpg.rf.90c069857fcd87be6af2e01daa38d814.txt,train
od_VID_20231011_135525_mp4-27_jpg.rf.aa586eee915e3910c2f6c63bca221cfd.txt,train
od_VID_20231010_140102_mp4-18_jpg.rf.e7f2be3d7997ab19bc1972e464fd63a5.txt,train
od_VID_20231010_140102_mp4-23_jpg.rf.f842207cc7f48eb9473ce28b7afdacc2.txt,train
od_VID_20231010_140102_mp4-132_jpg.rf.0b72249e5fe3d88c6cd572f115fcca71.txt,train
od_VID_20231011_135944_mp4-32_jpg.rf.ddce9a51eb80c530e51a78e929f48d58.txt,train
od_VID_20231011_135819_mp4-8_jpg.rf.525225132a4db52eb13a37e3f841dc30.txt,train
od_VID_20231011_135944_mp4-44_jpg.rf.9ed23e2addc477a78a85c4fb9e17383e.txt,train
od_VID_20230610_181728_mp4-4_jpg.rf.6833bf6b351c9f013d33ac1d048cbd42.txt,train
od_VID_20231010_140102_mp4-72_jpg.rf.d608e6a2b0d36a14cc184cd6db0a90a0.txt,train
od_VID_20231011_135944_mp4-44_jpg.rf.af8a955bb95c79d78532ca58e10e9554.txt,train
od_VID_20231010_140102_mp4-73_jpg.rf.8afd32de3fdfc8df2fb4961e29764e42.txt,train
od_VID_20231011_135525_mp4-16_jpg.rf.8d4be36ea41c1e1dd8339a7f737a3ad9.txt,valid
od_VID_20231010_140102_mp4-51_jpg.rf.ed1b7fe064b9b34827aa8fe11791e57a.txt,train
od_VID_20231011_135819_mp4-20_jpg.rf.b028026d98f5fb7dde0fc54f3bc28459.txt,train
od_VID_20231011_140902_mp4-7_jpg.rf.a8bbc5285ae51f5998cdce877524ec15.txt,train
od_VID_20231011_135619_mp4-45_jpg.rf.ca5bbbb7f24537468ff6e9966f32b383.txt,train
od_VID_20231011_140456_mp4-12_jpg.rf.ed6b6c884538894a9b0c9977000bc6e9.txt,train
od_VID_20231012_182919_mp4-12_jpg.rf.41723759383e1855d872e574db5fd91e.txt,train
od_VID_20231011_135619_mp4-2_jpg.rf.4de23c46e26f06f8dd72f23dae67dbda.txt,train
od_VID_20231011_135619_mp4-6_jpg.rf.888e57c9372830f308f9f9eea4207658.txt,train
od_VID_20231010_140102_mp4-114_jpg.rf.7d5dc8e72d8f2f775135223ce1281a58.txt,train
od_VID_20231011_135525_mp4-30_jpg.rf.9c4e6e0066055a61dce2df96c338ce2a.txt,train
od_VID_20231011_143828_mp4-37_jpg.rf.6497f8c2bd25a9c425c711ce350c46c6.txt,valid
od_VID_20231011_140537_mp4-5_jpg.rf.d86bc383d7945391668a1a07c461038b.txt,train
od_VID_20231011_140456_mp4-8_jpg.rf.ab9caa2dd239dc45add65c0e16ab8470.txt,train
od_VID_20230525_191035_mp4-0_jpg.rf.3827fd52d74bff2c7e78c03b615e4382.txt,train
od_VID_20230525_182446_mp4-2_jpg.rf.b366b134ad9d46f67be3004ec1dd4b25.txt,train
od_VID_20231011_140935_mp4-4_jpg.rf.f89d6f7b71285d7e27362f356e497cfb.txt,train
od_VID_20231010_140102_mp4-95_jpg.rf.421713c793a041c7989557241c46f471.txt,train
od_VID_20231011_140456_mp4-2_jpg.rf.9a4585cdb2c76197f67373836c9028cf.txt,train
od_VID_20230628_174117_mp4-7_jpg.rf.bed804469bc932fd53470cc255b733f5.txt,train
od_VID_20231012_184918_mp4-10_jpg.rf.82032056fe387dd6fd4fb5b61a1b159f.txt,train
od_VID_20231011_135944_mp4-23_jpg.rf.be05ca4409025a07790b9a3a5b67e02f.txt,train
od_VID_20231011_143828_mp4-7_jpg.rf.a33a3caefc5ab8a8a0563092412dd0c0.txt,train
od_VID_20231010_140102_mp4-27_jpg.rf.a6706eb586092e77dba82b1560aa4036.txt,train
od_VID_20230525_182437_mp4-5_jpg.rf.c7f9e67f627349c49390909d93f349b7.txt,train
od_VID_20230628_174117_mp4-2_jpg.rf.456a3b0ce10be9b4adc8d450d5741716.txt,train
od_VID_20231010_140102_mp4-98_jpg.rf.fb6ff4e9906978a0e52e18e6de207729.txt,valid
od_VID_20231011_140118_mp4-5_jpg.rf.e29b1f9be3ceba100cfb642fca495450.txt,train
od_VID_20231012_182803_mp4-47_jpg.rf.20af13553f7021460563ac714612806d.txt,train
od_VID_20231011_143828_mp4-15_jpg.rf.42a00353ceac600a85595cf1d040a830.txt,train
od_VID_20231011_135525_mp4-36_jpg.rf.717e793933ed8a2eed144b365ff1dd1b.txt,train
od_VID_20230610_185607_mp4-20_jpg.rf.ea721c579ae1688888dda20e21ea5c3b.txt,train
od_VID_20231010_140102_mp4-137_jpg.rf.4b735480ff79c9219eb29c481e138ec1.txt,train
ur_vlcsnap-2025-02-20-10h52m44s601_png.rf.1b28e2ecee582ed3314c1cb1595bbe8a.txt,train
od_VID_20231011_135525_mp4-8_jpg.rf.2257482698f73c8fabe09ee9e107af6c.txt,train
od_VID_20231011_135525_mp4-40_jpg.rf.344272bf5eb6db1541af7fa3784fc4f6.txt,train
od_VID_20230610_181728_mp4-12_jpg.rf.d2be49a543a8abadcffedbdbaca253ee.txt,train
od_VID_20231011_140516_mp4-1_jpg.rf.8b28178751e3ad16c893a266910210eb.txt,train
od_VID_20231010_140102_mp4-137_jpg.rf.3896f47b501a4dc35039fa1322aaca02.txt,train
od_VID_20231011_142737_mp4-1_jpg.rf.e8c3144703472b4eeae1175d4930a953.txt,train
od_VID_20231012_182919_mp4-11_jpg.rf.142360f2d7e2ddf3b5e93ad95cc47ee9.txt,train
od_VID_20231011_140902_mp4-8_jpg.rf.fdef02736bc9773ed0618d0afe00781b.txt,train
od_VID_20231012_182919_mp4-7_jpg.rf.2e5a1f994e83701b618d2144aedf7b29.txt,train
od_VID_20230610_181627_mp4-8_jpg.rf.0857a684d2480a62b0c9d8681711a3a3.txt,train
od_VID_20231011_140608_mp4-19_jpg.rf.72c7a37aa57316a9f1e669d81b6d5497.txt,train
od_VID_20231010_140102_mp4-44_jpg.rf.fdd8c41246bcf1ab756e7722c9bf2e29.txt,train
od_VID_20231011_135619_mp4-21_jpg.rf.79b3370fc3b8e65efb06c2d96fd557b0.txt,train
od_VID_20231011_143828_mp4-27_jpg.rf.67b46ca7e619b8c3c4c30391e0bb1a99.txt,train
od_VID_20231012_183030_mp4-91_jpg.rf.6830559ca9689161ba96c81afeca12bb.txt,train
od_VID_20231011_140608_mp4-8_jpg.rf.5eb972913c1a74931e95f4f5dd6a6bb8.txt,train
od_VID_20230610_181728_mp4-9_jpg.rf.ab9d78a51912d738f97d4ca3993d5108.txt,train
od_VID_20231011_135819_mp4-48_jpg.rf.25fdfc9ba2842d56122da5a1cf3dc00d.txt,train
od_VID_20231011_135819_mp4-18_jpg.rf.cf9a9441b7f889d4b0f26c3f8011b7c8.txt,train
od_VID_20230607_144001_mp4-2_jpg.rf.be01103af2f79440e066fe2514753531.txt,train
od_VID_20231010_140102_mp4-99_jpg.rf.df7eb26eb0a6281bd6ee09d8c0a43b3a.txt,train
od_VID_20231011_135944_mp4-19_jpg.rf.ba78ddd32e84957f5f79a7b2002daaf3.txt,train
od_VID_20231011_143923_mp4-33_jpg.rf.d9f2bb3c6ac43b9c0edc77f953c4b66b.txt,train
od_VID_20230525_182446_mp4-10_jpg.rf.57266b27e46e83b093cfa3ceeab0256a.txt,train
od_VID_20231011_140608_mp4-0_jpg.rf.5fbf6e1bc8b7a56099e42f9a51a7112e.txt,train
od_VID_20230610_181728_mp4-3_jpg.rf.7ac3a8f0070d072c4d49908a98af5f94.txt,train
od_VID_20231012_182803_mp4-46_jpg.rf.939dc743e5272e5ccfc33c189f4b1287.txt,train
od_VID_20231011_135525_mp4-14_jpg.rf.993b525bebe42fa32b40917aa3210eca.txt,train
od_VID_20231010_140102_mp4-9_jpg.rf.6d1b2ae1cd19d451440f760e34639d25.txt,valid
od_VID_20231012_182803_mp4-19_jpg.rf.e9e7e4f31b820d43373cf3fd28f82a41.txt,train
od_VID_20231012_183030_mp4-27_jpg.rf.0a249bd5532e18f9c7e59665884e5d8e.txt,train
od_VID_20231011_142126_mp4-5_jpg.rf.072378015f6ebb4fd63885d3024587c7.txt,valid
od_VID_20231011_135944_mp4-18_jpg.rf.dc0a243d5cf0e9d4d75db6dc9772846a.txt,train
od_VID_20231011_143828_mp4-30_jpg.rf.43b8f7ee11bc0cf9493b9e726b153bea.txt,train
od_VID_20231011_144344_mp4-2_jpg.rf.32c92d12f7310bebf872aa63a31bd315.txt,train
od_VID_20231011_142737_mp4-12_jpg.rf.9a402a9e3c874e0bb12721c8e8a29c4f.txt,train
od_VID_20231011_135944_mp4-4_jpg.rf.4070256ebd9ea0aba3b5d6372853b658.txt,train
od_VID_20231011_140706_mp4-1_jpg.rf.1547d1e194c6593d67742e655edc2d2f.txt,train
od_VID_20231011_140537_mp4-0_jpg.rf.531b9dc84a4e4c369258f80ecc8cc900.txt,train
od_VID_20231011_143828_mp4-34_jpg.rf.d4ec41981bfdb06a6edc6adee8a63d45.txt,train
od_VID_20231010_140102_mp4-140_jpg.rf.97b1ce5cf6e3b90cc8e63a0727a9c611.txt,train
od_VID_20231010_140102_mp4-88_jpg.rf.8f303e9c8f69a7170142d591fb01dac0.txt,train
od_VID_20231011_140608_mp4-26_jpg.rf.ada1c673be15203e5b6a25164eb3db11.txt,train
od_VID_20231011_143828_mp4-6_jpg.rf.ac1935243d345b93f2b01f73754a20c5.txt,train
od_VID_20231010_140102_mp4-61_jpg.rf.09c2b1dbc7da335ff646b9da2bd3edf9.txt,train
od_VID_20231010_140102_mp4-71_jpg.rf.5873720d9cef8644b9f9a9bc8b229bf3.txt,valid
od_VID_20231012_183030_mp4-51_jpg.rf.d6ef8b64638593aa29911eb78f02233f.txt,valid
od_VID_20231011_135525_mp4-27_jpg.rf.1548b08076bd46d378d2b8f1e0edf743.txt,train
od_VID_20231011_135525_mp4-36_jpg.rf.39593d083bf78fa1e347bd010f27748a.txt,train
od_VID_20231012_182803_mp4-17_jpg.rf.f6ded3eaf9ac1afa1130e8c7ec189f96.txt,train
od_VID_20231011_142737_mp4-6_jpg.rf.c9327c13977150bf2cddeb3daacd1334.txt,train
od_VID_20230610_181713_mp4-3_jpg.rf.e8a2496ef58e3d5168b38a4b14481fdc.txt,train
od_VID_20230525_191035_mp4-4_jpg.rf.d51e0269f323278990cfdc137ec0d299.txt,train
od_VID_20231012_182803_mp4-50_jpg.rf.4655ef8c40808f23dc2bb3ff8e6a2992.txt,train
ur_vlcsnap-2025-02-20-11h10m59s833_png.rf.dade092827539168c5dd43078517214f.txt,valid
od_VID_20231010_140102_mp4-117_jpg.rf.e25fcf8ffe1ad5ce9bb32e142f2deb46.txt,train
od_VID_20231011_140456_mp4-10_jpg.rf.aacee34b621e0766f109d58676c10c62.txt,train
od_VID_20230610_181627_mp4-25_jpg.rf.590a5f538fe04899181e03e4abd61b4e.txt,train
od_VID_20230525_191035_mp4-1_jpg.rf.d23baa94e376ceebe3651e5e071f7b17.txt,train
od_VID_20231011_135944_mp4-13_jpg.rf.3c058325dca132cac15e1876ad8ad260.txt,train
od_VID_20231011_135944_mp4-3_jpg.rf.b3b8224e886f22e3751eb6c100642a46.txt,train
od_VID_20231011_144344_mp4-1_jpg.rf.5940eb330803b31b6bcb80e22c745a6e.txt,train
od_VID_20230525_182446_mp4-1_jpg.rf.b84f8c24195083e0411d275765fa97f0.txt,train
od_VID_20231011_135944_mp4-12_jpg.rf.505fe085e5c4b2b9469b66a28276c2ec.txt,train
od_VID_20231011_140516_mp4-0_jpg.rf.def829de45d3c16e1f8c0d596144a103.txt,train
od_VID_20231011_140608_mp4-18_jpg.rf.cfb35e7435478e61bf32728afd746a32.txt,train
od_VID_20231010_140102_mp4-97_jpg.rf.d8b4cb580fb55bc692b0fe0029844bf3.txt,train
od_VID_20231012_183030_mp4-32_jpg.rf.4441951649a550723e5e84e893a240a8.txt,train
od_VID_20231012_182919_mp4-13_jpg.rf.ff3f48cb321d685929bc48af485e5ffd.txt,train
od_VID_20231011_135944_mp4-14_jpg.rf.83a1663c9637183287720544868a034e.txt,train
od_VID_20230525_182437_mp4-8_jpg.rf.b43cac91a674df3a1d864c50dcd53269.txt,train
od_VID_20231010_140102_mp4-36_jpg.rf.6464b22477ba15a6a9d6b57ef6bad3dc.txt,train
od_VID_20231012_183030_mp4-42_jpg.rf.95f4248e711a0ffbc2a3173df58ed609.txt,train
od_VID_20231011_135944_mp4-30_jpg.rf.28af6b9b3d0ce2cc76d60b613cb855a9.txt,train
od_VID_20231010_140102_mp4-150_jpg.rf.95ff1ca9dc68a4f6e890806de78cc82d.txt,train
od_VID_20231011_135619_mp4-49_jpg.rf.e95a75bbd9efb37887b78ca6e1bdefa6.txt,train
od_VID_20230610_185607_mp4-9_jpg.rf.f458adf963a931794e0d06d9d4a87fbf.txt,train
od_VID_20230628_174117_mp4-1_jpg.rf.785fec1563e054e1a203e7439d83c238.txt,train
od_VID_20231011_143828_mp4-14_jpg.rf.076d72fcd3dc87e53590ccf436db76aa.txt,train
od_VID_20230610_181627_mp4-26_jpg.rf.ce55871e374caeb69a8e59aabd5572fb.txt,train
od_VID_20230525_182446_mp4-1_jpg.rf.e6e46eaa9809640e4dc7ed517fb764d2.txt,train
od_VID_20231012_182803_mp4-45_jpg.rf.1e8ede056910d8dac3b209ff860132b3.txt,train
od_VID_20230610_181728_mp4-7_jpg.rf.b21024576a3ca4eee53111cf611d3a1f.txt,train
od_VID_20231010_140102_mp4-111_jpg.rf.40b4d41055eed96680e389852d7d1a9e.txt,train
od_VID_20231011_143828_mp4-19_jpg.rf.011d1ff50948eb48c33914fee0eb2e32.txt,train
od_VID_20231010_140102_mp4-135_jpg.rf.d0635b6082fb51fe4a20d25236663975.txt,train
od_VID_20231011_143923_mp4-17_jpg.rf.f8840cb68c8fe7b97b9f6a2f7b259f7f.txt,train
od_VID_20231010_140102_mp4-56_jpg.rf.38bb63e9ae990cafc0edcf8494af7fc8.txt,train
od_VID_20231012_184336_mp4-33_jpg.rf.bf77cd22635ce5dd9d40254a1e9147f4.txt,valid
od_VID_20231011_135525_mp4-4_jpg.rf.9b0d11537943ab9cb0afb9a42585ebc2.txt,train
od_VID_20230610_181713_mp4-9_jpg.rf.f76840947665cfe62339246b3e01da13.txt,train
od_VID_20231011_140516_mp4-13_jpg.rf.bda6992eb5bad8117c634eeb0f38eeab.txt,train
od_VID_20231011_143828_mp4-39_jpg.rf.1f319dd2fe35750a50328408c5d3e068.txt,train
od_VID_20231010_140102_mp4-91_jpg.rf.51f3711c440798f09fb2f28f06d07dd7.txt,train
od_VID_20231011_143923_mp4-32_jpg.rf.08ec1fb604806f7f893c493219985d2a.txt,train
od_VID_20231011_135619_mp4-8_jpg.rf.2c4796a7d4e960f10771dae3ccaa7a3b.txt,train
od_VID_20231010_140102_mp4-121_jpg.rf.dcdf1b0fa228b5177e1b1c9918d784a5.txt,train
od_VID_20230607_144001_mp4-7_jpg.rf.8a69cf4bdbe067ec797d7806c6f39807.txt,train
od_VID_20231011_140456_mp4-12_jpg.rf.9efeceb0930fddee44ee1fafba924308.txt,train
od_VID_20231011_140902_mp4-3_jpg.rf.b74aec197d530289084be8194c690a7c.txt,train
od_VID_20230610_185607_mp4-5_jpg.rf.86b7ffac8f52e711c88ff394bbb72dcb.txt,train
od_VID_20231010_140102_mp4-59_jpg.rf.8a6e1a0db4c6ef18746a306aa355688b.txt,train
od_VID_20231011_140537_mp4-6_jpg.rf.487246281e94658aa5e2f8dc9d237c15.txt,train
od_VID_20231011_143923_mp4-34_jpg.rf.9af1cef637d7cdcbd581fe3aed71fc1c.txt,train
od_VID_20231011_144344_mp4-0_jpg.rf.177719bdb81e0b7968f141ed51290790.txt,train
od_VID_20231011_135944_mp4-6_jpg.rf.49d69db9d51c8bcebc134f2f3e6279e7.txt,train
od_VID_20231010_140102_mp4-61_jpg.rf.c01d990fc7874bfa2fc8fc27d7d5afe9.txt,train
od_VID_20231012_182803_mp4-45_jpg.rf.44c4a9275081de466da822667015ffdb.txt,train
od_VID_20231011_140537_mp4-9_jpg.rf.c486c0a2183919642f60e29dea6d2696.txt,valid
od_VID_20231010_140102_mp4-19_jpg.rf.7d82487db27060291dd59e5dbd0baefb.txt,train
od_VID_20231011_140219_mp4-49_jpg.rf.94675e93cc06cbee6c57ca388382c35e.txt,train
od_VID_20231011_140706_mp4-9_jpg.rf.4c323602fd1aa676de74e09c7b179f26.txt,train
od_VID_20231011_140955_mp4-0_jpg.rf.e0190f6845dd99c899536d0cc1dea30c.txt,train
od_VID_20231011_135525_mp4-12_jpg.rf.619be79ebea66dbe131f362333979cb2.txt,train
od_VID_20231010_140102_mp4-30_jpg.rf.2289677e1856fa52b999cbdc2b799155.txt,train
od_VID_20231010_140102_mp4-118_jpg.rf.4e1d9b59cda1a4d24b6437b3f577e000.txt,train
od_VID_20231010_140102_mp4-12_jpg.rf.7f270d7c7e96c6d2f567bb2570d1c0e2.txt,train
od_VID_20231010_140102_mp4-146_jpg.rf.b421ba1c26a14504a2d22ed06c8423ec.txt,train
od_VID_20231011_140516_mp4-2_jpg.rf.13100de41994108ac79a8ea9fd683eed.txt,train
od_VID_20231011_142142_mp4-1_jpg.rf.3be89926d2c07e5763f74c7d47ee2cc0.txt,train
od_VID_20231010_140102_mp4-153_jpg.rf.c69d417e25b3c3d7b36b746c9bd212e3.txt,train
od_VID_20231011_135819_mp4-41_jpg.rf.f774553dd963460aefc61fad3720a2b5.txt,train
od_VID_20231011_135619_mp4-11_jpg.rf.764cf41b85984e63bbd8425a4335e277.txt,train
od_VID_20230610_181728_mp4-10_jpg.rf.840783ec7d4796bd876e254725d333c3.txt,train
od_VID_20231011_140608_mp4-16_jpg.rf.261253674a8f90185cb80a3f8c175fb2.txt,train
od_VID_20231011_143923_mp4-29_jpg.rf.28462ee14248d947e6dba537d49ed32d.txt,train
od_VID_20231010_140102_mp4-153_jpg.rf.df682c52d0cdbcd765327fc37f2544cb.txt,train
od_VID_20231010_140102_mp4-87_jpg.rf.08fc82755463b9e3191aa66331f1983a.txt,train
od_VID_20231010_140102_mp4-76_jpg.rf.17758cfbaae869a3a605871ebfc1c02c.txt,train
od_VID_20231011_140807_mp4-0_jpg.rf.b3f91a186bc5880ee105768d87d7f008.txt,train
od_VID_20230610_181627_mp4-24_jpg.rf.b773045a0c17d28e8320978512778f55.txt,train
od_VID_20231011_143828_mp4-8_jpg.rf.e575c6a7839b8982784bd549de172e8a.txt,train
od_VID_20231012_183030_mp4-49_jpg.rf.35b5a5802f3623b7adf2fad98292569e.txt,train
od_VID_20231010_140102_mp4-121_jpg.rf.8253e0fd049ed5bc30e92f9bb2507bc3.txt,train
od_VID_20231011_143923_mp4-31_jpg.rf.b775944b8437ccc69a0b1c216ce548a7.txt,train
od_VID_20231010_140102_mp4-58_jpg.rf.a881727c77d3b8e3e3359e47d21fb9f1.txt,train
od_VID_20231011_143828_mp4-30_jpg.rf.c7862c3e4be9259d4cb08fae52853d3f.txt,train
od_VID_20231012_184336_mp4-35_jpg.rf.f21e002630a6b6c5bc92256896a4cce4.txt,train
od_VID_20231011_135619_mp4-10_jpg.rf.55a68f20bcf144582804d773c006232d.txt,train
od_VID_20231011_135619_mp4-14_jpg.rf.f43247e9d0b2ac19451a53226b123cd3.txt,train
od_VID_20231011_140902_mp4-3_jpg.rf.8b29ec76a72a8c9222e4365d665db51e.txt,train
od_VID_20231011_135944_mp4-7_jpg.rf.498cf406517452e5176842d2cc1a95de.txt,train
od_VID_20231010_140102_mp4-108_jpg.rf.da9899fd280a7c72d270945b56a3c296.txt,train
od_VID_20231010_140102_mp4-53_jpg.rf.2e43389c3935a03f44bdefa4b9298d4c.txt,valid
od_VID_20231011_135819_mp4-9_jpg.rf.aab68c6ade28d078d705a24ceaea42e7.txt,train
od_VID_20231011_135944_mp4-17_jpg.rf.665828776c3d013aa5534a3356d795ea.txt,valid
od_VID_20231010_140102_mp4-6_jpg.rf.66c2eeabde694db881f5a551d32c7fb1.txt,train
od_VID_20231011_135944_mp4-32_jpg.rf.5bb029660fd42475711c5cf1882d73b3.txt,train
od_VID_20230525_182446_mp4-3_jpg.rf.8ad6766d0b24a518c06211856da09035.txt,train
od_VID_20231011_135944_mp4-7_jpg.rf.d30a5146fee79645ddef894653834a0d.txt,train
od_VID_20231011_135944_mp4-34_jpg.rf.cc5c5a5e173c9e2594a1a099bf55ce9c.txt,train
od_VID_20231012_184918_mp4-15_jpg.rf.344dd9e98f362bf4b039a0d680c1c7d6.txt,train
od_VID_20231011_143923_mp4-28_jpg.rf.7321d7901c933a6a4ad963cb74de1de2.txt,train
od_VID_20231010_140102_mp4-140_jpg.rf.0c36b2d512d9bff1cfc283cf10222220.txt,train
od_VID_20231011_140608_mp4-0_jpg.rf.99bfd2c4cde347d3e7b2f1944648fed9.txt,train
od_VID_20231011_140118_mp4-7_jpg.rf.a21a49c6ac25881dd3bc23c9ca2ef55d.txt,train
od_VID_20231011_140516_mp4-3_jpg.rf.f0dbd3f8508d1c6f6a934baf3917e63c.txt,train
od_VID_20231011_140118_mp4-4_jpg.rf.29b43b2fbc9728a18d84b4a8377ec35a.txt,train
od_VID_20231010_140102_mp4-126_jpg.rf.3d6ca7b6cd23b7600c398eaf93b06e65.txt,train
od_VID_20230525_182446_mp4-16_jpg.rf.2296e4cfb8578d7627653c4c1b03ef39.txt,train
od_VID_20231011_135525_mp4-14_jpg.rf.fd9d1f12fc9587be89c4cb8aeedf798c.txt,train
od_VID_20231011_135619_mp4-21_jpg.rf.e1a2895284768b985893eb3f44df8751.txt,train
od_VID_20231010_140102_mp4-79_jpg.rf.3429bddecf713c71ff0f717d2f00f2a7.txt,train
od_VID_20231012_184336_mp4-38_jpg.rf.84e9a19a1554e0c9731c74a56a4fea6b.txt,train
od_VID_20231010_140102_mp4-123_jpg.rf.466de598e0304dd2eedd02f4a27f1278.txt,train
od_VID_20231011_135819_mp4-26_jpg.rf.ffafa103e06a547a4fa512a4c255f73f.txt,train
od_VID_20231011_140706_mp4-1_jpg.rf.41db7740576fc782400f3fafbdaeff11.txt,train
od_VID_20231011_140807_mp4-40_jpg.rf.9b0c4e3ee6ec52b22e1b130362c0210f.txt,valid
od_VID_20231010_140102_mp4-28_jpg.rf.cb308c21619635d7fcdc2e568a222809.txt,train
od_VID_20231011_142025_mp4-0_jpg.rf.45f5df079eb339ff714fbe6eb293f699.txt,train
od_VID_20230610_181728_mp4-3_jpg.rf.8f98581430ca3c3ece7990cc0d36eb32.txt,train
od_VID_20230610_181627_mp4-3_jpg.rf.1affc153cec329e20aa91e6bc230acb8.txt,train
od_VID_20231011_135819_mp4-47_jpg.rf.914729dd0e32e849aa65b92017944711.txt,train
od_VID_20230628_174108_mp4-2_jpg.rf.d46615168e3778e473f565800e5e2bc0.txt,train
od_VID_20230610_181713_mp4-2_jpg.rf.3ea5aa2d92bb52ce174396e93dc88e47.txt,train
od_VID_20231010_140102_mp4-146_jpg.rf.4fca4516800193bcbadb73942e84340c.txt,train
